promotion_id,product_id
PR-2024-12-29-004,P00447
PR-2024-12-29-004,P00111
PR-2024-12-29-004,P00949
PR-2024-12-29-004,P00321
PR-2024-12-29-004,P00528
PR-2024-12-29-004,P00763
PR-2024-12-29-004,P00344
PR-2024-12-29-004,P00936
PR-2024-12-29-004,P00291
PR-2024-12-29-004,P00969
PR-2024-12-29-004,P00564
PR-2024-12-29-004,P01406
PR-2024-12-29-004,P01200
PR-2024-12-29-004,P00409
PR-2024-12-29-004,P00274
PR-2024-12-29-004,P00992
PR-2024-12-29-004,P01309
PR-2024-12-29-004,P01160
PR-2024-12-29-004,P00410
PR-2024-12-29-004,P00705
PR-2024-12-29-004,P00258
PR-2024-12-29-004,P00948
PR-2024-12-29-004,P00183
PR-2024-12-29-004,P00959
PR-2024-12-29-004,P00170
PR-2024-12-29-005,P00937
PR-2024-12-29-005,P01109
PR-2024-12-29-005,P00935
PR-2024-12-29-005,P00686
PR-2024-12-29-005,P00561
PR-2024-12-29-005,P00518
PR-2024-12-29-005,P00402
PR-2024-12-29-005,P01345
PR-2024-12-29-005,P01385
PR-2024-12-29-005,P00261
PR-2024-12-29-005,P01078
PR-2024-12-29-005,P01391
PR-2024-12-29-005,P00997
PR-2024-12-29-005,P00979
PR-2024-12-29-005,P00594
PR-2024-12-29-005,P00929
PR-2024-12-29-005,P00549
PR-2024-12-29-005,P01216
PR-2024-12-29-005,P00251
PR-2024-12-29-005,P00304
PR-2024-12-29-005,P00983
PR-2024-12-29-005,P00882
PR-2024-12-29-005,P00398
PR-2024-12-29-005,P01246
PR-2025-01-05-007,P01375
PR-2025-01-05-007,P01344
PR-2025-01-05-007,P00198
PR-2025-01-05-007,P00133
PR-2025-01-05-007,P01438
PR-2025-01-05-007,P01499
PR-2025-01-05-007,P00619
PR-2025-01-05-007,P01240
PR-2025-01-05-007,P01052
PR-2025-01-05-007,P01368
PR-2025-01-05-007,P00849
PR-2025-01-05-007,P00595
PR-2025-01-05-007,P00778
PR-2025-01-05-007,P00680
PR-2025-01-05-007,P00090
PR-2025-01-05-007,P00889
PR-2025-01-05-007,P00691
PR-2025-01-05-007,P00380
PR-2025-01-05-007,P01174
PR-2025-01-05-007,P00306
PR-2025-01-05-007,P00939
PR-2025-01-05-007,P01454
PR-2025-01-05-007,P00421
PR-2025-01-05-007,P01360
PR-2025-01-05-008,P00285
PR-2025-01-05-008,P00828
PR-2025-01-05-008,P00753
PR-2025-01-05-008,P01036
PR-2025-01-05-008,P00542
PR-2025-01-05-008,P00250
PR-2025-01-05-008,P00801
PR-2025-01-05-008,P01470
PR-2025-01-05-008,P01469
PR-2025-01-05-008,P00787
PR-2025-01-05-008,P00720
PR-2025-01-05-008,P00735
PR-2025-01-05-008,P00429
PR-2025-01-05-008,P00264
PR-2025-01-05-008,P00135
PR-2025-01-05-008,P00292
PR-2025-01-05-008,P01263
PR-2025-01-05-008,P01270
PR-2025-01-05-008,P01192
PR-2025-01-05-008,P00021
PR-2025-01-05-008,P00894
PR-2025-01-05-008,P01105
PR-2025-01-05-008,P00298
PR-2025-01-05-008,P00477
PR-2025-01-05-009,P01102
PR-2025-01-05-009,P00579
PR-2025-01-05-009,P00280
PR-2025-01-05-009,P01320
PR-2025-01-05-009,P00989
PR-2025-01-05-009,P01171
PR-2025-01-05-009,P01214
PR-2025-01-05-009,P01258
PR-2025-01-05-009,P00106
PR-2025-01-05-009,P00917
PR-2025-01-05-009,P01305
PR-2025-01-05-009,P01101
PR-2025-01-05-009,P00769
PR-2025-01-05-009,P01324
PR-2025-01-05-009,P00807
PR-2025-01-05-009,P01411
PR-2025-01-05-009,P00203
PR-2025-01-05-009,P00954
PR-2025-01-05-009,P01201
PR-2025-01-05-009,P01236
PR-2025-01-05-009,P00122
PR-2025-01-05-009,P00349
PR-2025-01-05-009,P00169
PR-2025-01-05-009,P00355
PR-2025-01-05-009,P00879
PR-2025-01-05-012,P00956
PR-2025-01-05-012,P00599
PR-2025-01-05-012,P00764
PR-2025-01-05-012,P00194
PR-2025-01-05-012,P00188
PR-2025-01-05-012,P01413
PR-2025-01-05-012,P00770
PR-2025-01-05-012,P00751
PR-2025-01-05-012,P00767
PR-2025-01-05-012,P01443
PR-2025-01-05-012,P00546
PR-2025-01-05-012,P00155
PR-2025-01-05-012,P00233
PR-2025-01-05-012,P00184
PR-2025-01-05-012,P01218
PR-2025-01-05-012,P00589
PR-2025-01-05-012,P01208
PR-2025-01-05-012,P00485
PR-2025-01-05-012,P01420
PR-2025-01-05-012,P01074
PR-2025-01-05-012,P00239
PR-2025-01-05-012,P00817
PR-2025-01-05-012,P00035
PR-2025-01-05-012,P00336
PR-2025-01-05-012,P00826
PR-2025-01-05-012,P01479
PR-2025-01-05-012,P01402
PR-2025-01-05-012,P01286
PR-2025-01-05-012,P00839
PR-2025-01-05-012,P00039
PR-2025-01-12-013,P00871
PR-2025-01-12-013,P00881
PR-2025-01-12-013,P01307
PR-2025-01-12-013,P00831
PR-2025-01-12-013,P00531
PR-2025-01-12-013,P01068
PR-2025-01-12-013,P00342
PR-2025-01-12-013,P01033
PR-2025-01-12-013,P01335
PR-2025-01-12-013,P01314
PR-2025-01-12-013,P01265
PR-2025-01-12-013,P00313
PR-2025-01-12-013,P00347
PR-2025-01-12-013,P00672
PR-2025-01-12-013,P01212
PR-2025-01-12-013,P00343
PR-2025-01-12-013,P00314
PR-2025-01-12-013,P00852
PR-2025-01-12-013,P00815
PR-2025-01-12-013,P00606
PR-2025-01-12-013,P01186
PR-2025-01-12-013,P00038
PR-2025-01-12-013,P01349
PR-2025-01-12-013,P00408
PR-2025-01-12-013,P00771
PR-2025-01-12-013,P00372
PR-2025-01-12-013,P01357
PR-2025-01-12-013,P00973
PR-2025-01-12-014,P00367
PR-2025-01-12-014,P00184
PR-2025-01-12-014,P00403
PR-2025-01-12-014,P00764
PR-2025-01-12-014,P00333
PR-2025-01-12-014,P00589
PR-2025-01-12-014,P00336
PR-2025-01-12-014,P00767
PR-2025-01-12-014,P00991
PR-2025-01-12-014,P00963
PR-2025-01-12-014,P01402
PR-2025-01-12-014,P00010
PR-2025-01-12-014,P01449
PR-2025-01-12-014,P01014
PR-2025-01-12-014,P00593
PR-2025-01-12-014,P01300
PR-2025-01-12-014,P01013
PR-2025-01-12-014,P00155
PR-2025-01-12-014,P01019
PR-2025-01-12-014,P00194
PR-2025-01-12-014,P00649
PR-2025-01-12-014,P01149
PR-2025-01-12-014,P01233
PR-2025-01-12-014,P01464
PR-2025-01-12-014,P01414
PR-2025-01-12-014,P00271
PR-2025-01-12-014,P00717
PR-2025-01-12-014,P01009
PR-2025-01-12-014,P00574
PR-2025-01-12-014,P00160
PR-2025-01-12-015,P00261
PR-2025-01-12-015,P01385
PR-2025-01-12-015,P00385
PR-2025-01-12-015,P00398
PR-2025-01-12-015,P00345
PR-2025-01-12-015,P00190
PR-2025-01-12-015,P00373
PR-2025-01-12-015,P01209
PR-2025-01-12-015,P00937
PR-2025-01-12-015,P01246
PR-2025-01-12-015,P00368
PR-2025-01-12-015,P01220
PR-2025-01-12-015,P01215
PR-2025-01-12-015,P00955
PR-2025-01-12-015,P00634
PR-2025-01-12-015,P01355
PR-2025-01-12-015,P01050
PR-2025-01-12-015,P01231
PR-2025-01-12-015,P01391
PR-2025-01-12-015,P00101
PR-2025-01-12-015,P00066
PR-2025-01-12-015,P00295
PR-2025-01-12-015,P00997
PR-2025-01-12-015,P00358
PR-2025-01-12-016,P00573
PR-2025-01-12-016,P00899
PR-2025-01-12-016,P00446
PR-2025-01-12-016,P01105
PR-2025-01-12-016,P00623
PR-2025-01-12-016,P00477
PR-2025-01-12-016,P01034
PR-2025-01-12-016,P00787
PR-2025-01-12-016,P00220
PR-2025-01-12-016,P00069
PR-2025-01-12-016,P00720
PR-2025-01-12-016,P00836
PR-2025-01-12-016,P01263
PR-2025-01-12-016,P01104
PR-2025-01-12-016,P00986
PR-2025-01-12-016,P01418
PR-2025-01-12-016,P01484
PR-2025-01-12-016,P01417
PR-2025-01-12-016,P01030
PR-2025-01-12-016,P00264
PR-2025-01-12-016,P01020
PR-2025-01-12-016,P00938
PR-2025-01-12-016,P00030
PR-2025-01-12-016,P00822
PR-2025-01-12-018,P01016
PR-2025-01-12-018,P01076
PR-2025-01-12-018,P01131
PR-2025-01-12-018,P00951
PR-2025-01-12-018,P00209
PR-2025-01-12-018,P01441
PR-2025-01-12-018,P00052
PR-2025-01-12-018,P00519
PR-2025-01-12-018,P00376
PR-2025-01-12-018,P00550
PR-2025-01-12-018,P00037
PR-2025-01-12-018,P00156
PR-2025-01-12-018,P00987
PR-2025-01-12-018,P00865
PR-2025-01-12-018,P01400
PR-2025-01-12-018,P00022
PR-2025-01-12-018,P00062
PR-2025-01-12-018,P00863
PR-2025-01-12-018,P00687
PR-2025-01-12-018,P01188
PR-2025-01-12-018,P01298
PR-2025-01-12-018,P01183
PR-2025-01-12-018,P01010
PR-2025-01-12-018,P00415
PR-2025-01-12-018,P01321
PR-2025-01-19-020,P01386
PR-2025-01-19-020,P00540
PR-2025-01-19-020,P00904
PR-2025-01-19-020,P00153
PR-2025-01-19-020,P00493
PR-2025-01-19-020,P01488
PR-2025-01-19-020,P00658
PR-2025-01-19-020,P00236
PR-2025-01-19-020,P00311
PR-2025-01-19-020,P01352
PR-2025-01-19-020,P00859
PR-2025-01-19-020,P00293
PR-2025-01-19-020,P00567
PR-2025-01-19-020,P00281
PR-2025-01-19-020,P01063
PR-2025-01-19-020,P00516
PR-2025-01-19-020,P00182
PR-2025-01-19-020,P00884
PR-2025-01-19-020,P01095
PR-2025-01-19-020,P00312
PR-2025-01-19-020,P01245
PR-2025-01-19-020,P01207
PR-2025-01-19-020,P00909
PR-2025-01-19-022,P01353
PR-2025-01-19-022,P00024
PR-2025-01-19-022,P00633
PR-2025-01-19-022,P00539
PR-2025-01-19-022,P00990
PR-2025-01-19-022,P01184
PR-2025-01-19-022,P00489
PR-2025-01-19-022,P00975
PR-2025-01-19-022,P00076
PR-2025-01-19-022,P00138
PR-2025-01-19-022,P00357
PR-2025-01-19-022,P00121
PR-2025-01-19-022,P00095
PR-2025-01-19-022,P00426
PR-2025-01-19-022,P00461
PR-2025-01-19-022,P00057
PR-2025-01-19-022,P00277
PR-2025-01-19-022,P01296
PR-2025-01-19-022,P00162
PR-2025-01-19-022,P00702
PR-2025-01-19-022,P01304
PR-2025-01-19-022,P00661
PR-2025-01-19-022,P00207
PR-2025-01-19-022,P01007
PR-2025-01-19-022,P01373
PR-2025-01-26-025,P00345
PR-2025-01-26-025,P00213
PR-2025-01-26-025,P00997
PR-2025-01-26-025,P01346
PR-2025-01-26-025,P00499
PR-2025-01-26-025,P00302
PR-2025-01-26-025,P00385
PR-2025-01-26-025,P00525
PR-2025-01-26-025,P00219
PR-2025-01-26-025,P00402
PR-2025-01-26-025,P00452
PR-2025-01-26-025,P00575
PR-2025-01-26-025,P01230
PR-2025-01-26-025,P01289
PR-2025-01-26-025,P01419
PR-2025-01-26-025,P00455
PR-2025-01-26-025,P00551
PR-2025-01-26-025,P00929
PR-2025-01-26-025,P00981
PR-2025-01-26-025,P00399
PR-2025-01-26-025,P00541
PR-2025-01-26-025,P00634
PR-2025-01-26-025,P00101
PR-2025-01-26-025,P00520
PR-2025-01-26-027,P00984
PR-2025-01-26-027,P01075
PR-2025-01-26-027,P00769
PR-2025-01-26-027,P00985
PR-2025-01-26-027,P00527
PR-2025-01-26-027,P01320
PR-2025-01-26-027,P00359
PR-2025-01-26-027,P00384
PR-2025-01-26-027,P00666
PR-2025-01-26-027,P00352
PR-2025-01-26-027,P01201
PR-2025-01-26-027,P00283
PR-2025-01-26-027,P00807
PR-2025-01-26-027,P00669
PR-2025-01-26-027,P00106
PR-2025-01-26-027,P00280
PR-2025-01-26-027,P00034
PR-2025-01-26-027,P00171
PR-2025-01-26-027,P01191
PR-2025-01-26-027,P00422
PR-2025-01-26-027,P00877
PR-2025-01-26-027,P00310
PR-2025-01-26-027,P00122
PR-2025-01-26-027,P00193
PR-2025-01-26-027,P00718
PR-2025-01-26-029,P00004
PR-2025-01-26-029,P00488
PR-2025-01-26-029,P00703
PR-2025-01-26-029,P00598
PR-2025-01-26-029,P00948
PR-2025-01-26-029,P00587
PR-2025-01-26-029,P00468
PR-2025-01-26-029,P00083
PR-2025-01-26-029,P00564
PR-2025-01-26-029,P00445
PR-2025-01-26-029,P00676
PR-2025-01-26-029,P00409
PR-2025-01-26-029,P01467
PR-2025-01-26-029,P01396
PR-2025-01-26-029,P00729
PR-2025-01-26-029,P00249
PR-2025-01-26-029,P00830
PR-2025-01-26-029,P00511
PR-2025-01-26-029,P00892
PR-2025-01-26-029,P01167
PR-2025-01-26-029,P00437
PR-2025-01-26-029,P01356
PR-2025-01-26-029,P01180
PR-2025-01-26-029,P01271
PR-2025-01-26-029,P00257
PR-2025-02-02-031,P01181
PR-2025-02-02-031,P00815
PR-2025-02-02-031,P00246
PR-2025-02-02-031,P00434
PR-2025-02-02-031,P01500
PR-2025-02-02-031,P01035
PR-2025-02-02-031,P01080
PR-2025-02-02-031,P00232
PR-2025-02-02-031,P00092
PR-2025-02-02-031,P01349
PR-2025-02-02-031,P01159
PR-2025-02-02-031,P00842
PR-2025-02-02-031,P01040
PR-2025-02-02-031,P00704
PR-2025-02-02-031,P01186
PR-2025-02-02-031,P01142
PR-2025-02-02-031,P00831
PR-2025-02-02-031,P00227
PR-2025-02-02-031,P00858
PR-2025-02-02-031,P01269
PR-2025-02-02-031,P00911
PR-2025-02-02-031,P00028
PR-2025-02-02-031,P01134
PR-2025-02-02-031,P00921
PR-2025-02-02-031,P01446
PR-2025-02-02-031,P01135
PR-2025-02-02-031,P01366
PR-2025-02-02-031,P00343
PR-2025-02-02-036,P00164
PR-2025-02-02-036,P01018
PR-2025-02-02-036,P01339
PR-2025-02-02-036,P00631
PR-2025-02-02-036,P00108
PR-2025-02-02-036,P01197
PR-2025-02-02-036,P01222
PR-2025-02-02-036,P01267
PR-2025-02-02-036,P00475
PR-2025-02-02-036,P01492
PR-2025-02-02-036,P01175
PR-2025-02-02-036,P00365
PR-2025-02-02-036,P00708
PR-2025-02-02-036,P00570
PR-2025-02-02-036,P01280
PR-2025-02-02-036,P00647
PR-2025-02-02-036,P01206
PR-2025-02-02-036,P01144
PR-2025-02-02-036,P00361
PR-2025-02-02-036,P00071
PR-2025-02-02-036,P01482
PR-2025-02-02-036,P00127
PR-2025-02-02-036,P01021
PR-2025-02-02-036,P00577
PR-2025-02-09-037,P01036
PR-2025-02-09-037,P00316
PR-2025-02-09-037,P00602
PR-2025-02-09-037,P00135
PR-2025-02-09-037,P00867
PR-2025-02-09-037,P00030
PR-2025-02-09-037,P00573
PR-2025-02-09-037,P00836
PR-2025-02-09-037,P00118
PR-2025-02-09-037,P00899
PR-2025-02-09-037,P00828
PR-2025-02-09-037,P00507
PR-2025-02-09-037,P00736
PR-2025-02-09-037,P00366
PR-2025-02-09-037,P01263
PR-2025-02-09-037,P01417
PR-2025-02-09-037,P01104
PR-2025-02-09-037,P00137
PR-2025-02-09-037,P00252
PR-2025-02-09-037,P01020
PR-2025-02-09-037,P00477
PR-2025-02-09-037,P00721
PR-2025-02-09-037,P00220
PR-2025-02-09-037,P00938
PR-2025-02-09-040,P00293
PR-2025-02-09-040,P00900
PR-2025-02-09-040,P00806
PR-2025-02-09-040,P00869
PR-2025-02-09-040,P00684
PR-2025-02-09-040,P00236
PR-2025-02-09-040,P00723
PR-2025-02-09-040,P00019
PR-2025-02-09-040,P00689
PR-2025-02-09-040,P00760
PR-2025-02-09-040,P00884
PR-2025-02-09-040,P01423
PR-2025-02-09-040,P00448
PR-2025-02-09-040,P00023
PR-2025-02-09-040,P00644
PR-2025-02-09-040,P00567
PR-2025-02-09-040,P00868
PR-2025-02-09-040,P00150
PR-2025-02-09-040,P01337
PR-2025-02-09-040,P00880
PR-2025-02-09-040,P00153
PR-2025-02-09-040,P00859
PR-2025-02-09-040,P00904
PR-2025-02-09-042,P01010
PR-2025-02-09-042,P00675
PR-2025-02-09-042,P00376
PR-2025-02-09-042,P01430
PR-2025-02-09-042,P00749
PR-2025-02-09-042,P00832
PR-2025-02-09-042,P00022
PR-2025-02-09-042,P01223
PR-2025-02-09-042,P00812
PR-2025-02-09-042,P01123
PR-2025-02-09-042,P01321
PR-2025-02-09-042,P00427
PR-2025-02-09-042,P00109
PR-2025-02-09-042,P00042
PR-2025-02-09-042,P00813
PR-2025-02-09-042,P00865
PR-2025-02-09-042,P01188
PR-2025-02-09-042,P00272
PR-2025-02-09-042,P01248
PR-2025-02-09-042,P00597
PR-2025-02-09-042,P00965
PR-2025-02-09-042,P01290
PR-2025-02-09-042,P01306
PR-2025-02-09-042,P00253
PR-2025-02-09-042,P00308
PR-2025-02-16-043,P01022
PR-2025-02-16-043,P01301
PR-2025-02-16-043,P00709
PR-2025-02-16-043,P00218
PR-2025-02-16-043,P00244
PR-2025-02-16-043,P01255
PR-2025-02-16-043,P00240
PR-2025-02-16-043,P00145
PR-2025-02-16-043,P00401
PR-2025-02-16-043,P00928
PR-2025-02-16-043,P00919
PR-2025-02-16-043,P01001
PR-2025-02-16-043,P00406
PR-2025-02-16-043,P00792
PR-2025-02-16-043,P00608
PR-2025-02-16-043,P01327
PR-2025-02-16-043,P00775
PR-2025-02-16-043,P00223
PR-2025-02-16-043,P01342
PR-2025-02-16-043,P00370
PR-2025-02-16-043,P00463
PR-2025-02-16-043,P00173
PR-2025-02-16-043,P00327
PR-2025-02-16-043,P00621
PR-2025-02-16-043,P01495
PR-2025-02-16-046,P01348
PR-2025-02-16-046,P00899
PR-2025-02-16-046,P01020
PR-2025-02-16-046,P01192
PR-2025-02-16-046,P00381
PR-2025-02-16-046,P00137
PR-2025-02-16-046,P00507
PR-2025-02-16-046,P00454
PR-2025-02-16-046,P00736
PR-2025-02-16-046,P00753
PR-2025-02-16-046,P01198
PR-2025-02-16-046,P00828
PR-2025-02-16-046,P00801
PR-2025-02-16-046,P00602
PR-2025-02-16-046,P00030
PR-2025-02-16-046,P00220
PR-2025-02-16-046,P00050
PR-2025-02-16-046,P00799
PR-2025-02-16-046,P00867
PR-2025-02-16-046,P01105
PR-2025-02-16-046,P00894
PR-2025-02-16-046,P00016
PR-2025-02-16-046,P00118
PR-2025-02-16-046,P00746
PR-2025-02-16-047,P00356
PR-2025-02-16-047,P01314
PR-2025-02-16-047,P00191
PR-2025-02-16-047,P00342
PR-2025-02-16-047,P00246
PR-2025-02-16-047,P01446
PR-2025-02-16-047,P00852
PR-2025-02-16-047,P01134
PR-2025-02-16-047,P01460
PR-2025-02-16-047,P01349
PR-2025-02-16-047,P01181
PR-2025-02-16-047,P01142
PR-2025-02-16-047,P01080
PR-2025-02-16-047,P01265
PR-2025-02-16-047,P00762
PR-2025-02-16-047,P00139
PR-2025-02-16-047,P00886
PR-2025-02-16-047,P00092
PR-2025-02-16-047,P00001
PR-2025-02-16-047,P00212
PR-2025-02-16-047,P00343
PR-2025-02-16-047,P00911
PR-2025-02-16-047,P00068
PR-2025-02-16-047,P01332
PR-2025-02-16-047,P00453
PR-2025-02-16-047,P01253
PR-2025-02-16-047,P01040
PR-2025-02-16-047,P00362
PR-2025-02-23-049,P00508
PR-2025-02-23-049,P01234
PR-2025-02-23-049,P00393
PR-2025-02-23-049,P00848
PR-2025-02-23-049,P01003
PR-2025-02-23-049,P00391
PR-2025-02-23-049,P01015
PR-2025-02-23-049,P01456
PR-2025-02-23-049,P00025
PR-2025-02-23-049,P00694
PR-2025-02-23-049,P01353
PR-2025-02-23-049,P01244
PR-2025-02-23-049,P00492
PR-2025-02-23-049,P00070
PR-2025-02-23-049,P00024
PR-2025-02-23-049,P00282
PR-2025-02-23-049,P00952
PR-2025-02-23-049,P01457
PR-2025-02-23-049,P00698
PR-2025-02-23-049,P00095
PR-2025-02-23-049,P00411
PR-2025-02-23-049,P00357
PR-2025-02-23-049,P00702
PR-2025-02-23-049,P00629
PR-2025-02-23-049,P01184
PR-2025-02-23-050,P00851
PR-2025-02-23-050,P00414
PR-2025-02-23-050,P00007
PR-2025-02-23-050,P00613
PR-2025-02-23-050,P01096
PR-2025-02-23-050,P00120
PR-2025-02-23-050,P00417
PR-2025-02-23-050,P01094
PR-2025-02-23-050,P01490
PR-2025-02-23-050,P00654
PR-2025-02-23-050,P00379
PR-2025-02-23-050,P00458
PR-2025-02-23-050,P01055
PR-2025-02-23-050,P00450
PR-2025-02-23-050,P00483
PR-2025-02-23-050,P01448
PR-2025-02-23-050,P00167
PR-2025-02-23-050,P01383
PR-2025-02-23-050,P00354
PR-2025-02-23-050,P01312
PR-2025-02-23-050,P01086
PR-2025-02-23-050,P00932
PR-2025-02-23-050,P00089
PR-2025-02-23-054,P00564
PR-2025-02-23-054,P01193
PR-2025-02-23-054,P01308
PR-2025-02-23-054,P00729
PR-2025-02-23-054,P00705
PR-2025-02-23-054,P00598
PR-2025-02-23-054,P00805
PR-2025-02-23-054,P00386
PR-2025-02-23-054,P00274
PR-2025-02-23-054,P00004
PR-2025-02-23-054,P00249
PR-2025-02-23-054,P00511
PR-2025-02-23-054,P01406
PR-2025-02-23-054,P00656
PR-2025-02-23-054,P00763
PR-2025-02-23-054,P00291
PR-2025-02-23-054,P00949
PR-2025-02-23-054,P00439
PR-2025-02-23-054,P01396
PR-2025-02-23-054,P00676
PR-2025-02-23-054,P01467
PR-2025-02-23-054,P00779
PR-2025-02-23-054,P00257
PR-2025-02-23-054,P00131
PR-2025-02-23-054,P00830
PR-2025-03-02-056,P00148
PR-2025-03-02-056,P00567
PR-2025-03-02-056,P00436
PR-2025-03-02-056,P00150
PR-2025-03-02-056,P01256
PR-2025-03-02-056,P00760
PR-2025-03-02-056,P00859
PR-2025-03-02-056,P00571
PR-2025-03-02-056,P00723
PR-2025-03-02-056,P01264
PR-2025-03-02-056,P00072
PR-2025-03-02-056,P00568
PR-2025-03-02-056,P00684
PR-2025-03-02-056,P00581
PR-2025-03-02-056,P00658
PR-2025-03-02-056,P00019
PR-2025-03-02-056,P01445
PR-2025-03-02-056,P00047
PR-2025-03-02-056,P00532
PR-2025-03-02-056,P00206
PR-2025-03-02-056,P01070
PR-2025-03-02-056,P01063
PR-2025-03-02-056,P00880
PR-2025-03-09-064,P00483
PR-2025-03-09-064,P00414
PR-2025-03-09-064,P01006
PR-2025-03-09-064,P00474
PR-2025-03-09-064,P00354
PR-2025-03-09-064,P01448
PR-2025-03-09-064,P00466
PR-2025-03-09-064,P00237
PR-2025-03-09-064,P00590
PR-2025-03-09-064,P01213
PR-2025-03-09-064,P00379
PR-2025-03-09-064,P00697
PR-2025-03-09-064,P00120
PR-2025-03-09-064,P00851
PR-2025-03-09-064,P00482
PR-2025-03-09-064,P01409
PR-2025-03-09-064,P01096
PR-2025-03-09-064,P01127
PR-2025-03-09-064,P00458
PR-2025-03-09-064,P00166
PR-2025-03-09-064,P01055
PR-2025-03-09-064,P00067
PR-2025-03-09-064,P00167
PR-2025-03-09-065,P00551
PR-2025-03-09-065,P00480
PR-2025-03-09-065,P00304
PR-2025-03-09-065,P00219
PR-2025-03-09-065,P00416
PR-2025-03-09-065,P01215
PR-2025-03-09-065,P01109
PR-2025-03-09-065,P01391
PR-2025-03-09-065,P00251
PR-2025-03-09-065,P00757
PR-2025-03-09-065,P00983
PR-2025-03-09-065,P00399
PR-2025-03-09-065,P00929
PR-2025-03-09-065,P01216
PR-2025-03-09-065,P00525
PR-2025-03-09-065,P00040
PR-2025-03-09-065,P00295
PR-2025-03-09-065,P01385
PR-2025-03-09-065,P01224
PR-2025-03-09-065,P00634
PR-2025-03-09-065,P00459
PR-2025-03-09-065,P00192
PR-2025-03-09-065,P01302
PR-2025-03-09-065,P00594
PR-2025-03-16-070,P00590
PR-2025-03-16-070,P01376
PR-2025-03-16-070,P00654
PR-2025-03-16-070,P00932
PR-2025-03-16-070,P00087
PR-2025-03-16-070,P01471
PR-2025-03-16-070,P01182
PR-2025-03-16-070,P00755
PR-2025-03-16-070,P01448
PR-2025-03-16-070,P01490
PR-2025-03-16-070,P00032
PR-2025-03-16-070,P00773
PR-2025-03-16-070,P00414
PR-2025-03-16-070,P00851
PR-2025-03-16-070,P00887
PR-2025-03-16-070,P00417
PR-2025-03-16-070,P00007
PR-2025-03-16-070,P01004
PR-2025-03-16-070,P00242
PR-2025-03-16-070,P00971
PR-2025-03-16-070,P00168
PR-2025-03-16-070,P00149
PR-2025-03-16-070,P01297
PR-2025-03-23-075,P01392
PR-2025-03-23-075,P01206
PR-2025-03-23-075,P01340
PR-2025-03-23-075,P00397
PR-2025-03-23-075,P01252
PR-2025-03-23-075,P00554
PR-2025-03-23-075,P01482
PR-2025-03-23-075,P00856
PR-2025-03-23-075,P01197
PR-2025-03-23-075,P00475
PR-2025-03-23-075,P01011
PR-2025-03-23-075,P00435
PR-2025-03-23-075,P01144
PR-2025-03-23-075,P00522
PR-2025-03-23-075,P00108
PR-2025-03-23-075,P01382
PR-2025-03-23-075,P01056
PR-2025-03-23-075,P01455
PR-2025-03-23-075,P00808
PR-2025-03-23-075,P00791
PR-2025-03-23-075,P00334
PR-2025-03-23-075,P00374
PR-2025-03-23-075,P00562
PR-2025-03-23-075,P00449
PR-2025-03-23-076,P00743
PR-2025-03-23-076,P01371
PR-2025-03-23-076,P01069
PR-2025-03-23-076,P01285
PR-2025-03-23-076,P01398
PR-2025-03-23-076,P00645
PR-2025-03-23-076,P01436
PR-2025-03-23-076,P00957
PR-2025-03-23-076,P01343
PR-2025-03-23-076,P00555
PR-2025-03-23-076,P00964
PR-2025-03-23-076,P01453
PR-2025-03-23-076,P00725
PR-2025-03-23-076,P01067
PR-2025-03-23-076,P01100
PR-2025-03-23-076,P01027
PR-2025-03-23-076,P00332
PR-2025-03-23-076,P00046
PR-2025-03-23-076,P00015
PR-2025-03-23-076,P01390
PR-2025-03-23-076,P01093
PR-2025-03-23-077,P00906
PR-2025-03-23-077,P00797
PR-2025-03-23-077,P00284
PR-2025-03-23-077,P00198
PR-2025-03-23-077,P00315
PR-2025-03-23-077,P00691
PR-2025-03-23-077,P00827
PR-2025-03-23-077,P00700
PR-2025-03-23-077,P00217
PR-2025-03-23-077,P00833
PR-2025-03-23-077,P00958
PR-2025-03-23-077,P00966
PR-2025-03-23-077,P01292
PR-2025-03-23-077,P00115
PR-2025-03-23-077,P01344
PR-2025-03-23-077,P01235
PR-2025-03-23-077,P01438
PR-2025-03-23-077,P00216
PR-2025-03-23-077,P00624
PR-2025-03-23-077,P01360
PR-2025-03-23-077,P01225
PR-2025-03-23-077,P00126
PR-2025-03-23-077,P01368
PR-2025-03-23-077,P00742
PR-2025-03-30-079,P00607
PR-2025-03-30-079,P01139
PR-2025-03-30-079,P00513
PR-2025-03-30-079,P00793
PR-2025-03-30-079,P00224
PR-2025-03-30-079,P00486
PR-2025-03-30-079,P00928
PR-2025-03-30-079,P00875
PR-2025-03-30-079,P00401
PR-2025-03-30-079,P01120
PR-2025-03-30-079,P00496
PR-2025-03-30-079,P01485
PR-2025-03-30-079,P01427
PR-2025-03-30-079,P00438
PR-2025-03-30-079,P00569
PR-2025-03-30-079,P00646
PR-2025-03-30-079,P00113
PR-2025-03-30-079,P00389
PR-2025-03-30-079,P00350
PR-2025-03-30-079,P00712
PR-2025-03-30-079,P00240
PR-2025-03-30-079,P01477
PR-2025-03-30-079,P01495
PR-2025-03-30-079,P00682
PR-2025-03-30-079,P00244
PR-2025-03-30-082,P00800
PR-2025-03-30-082,P00798
PR-2025-03-30-082,P01145
PR-2025-03-30-082,P00365
PR-2025-03-30-082,P00795
PR-2025-03-30-082,P00708
PR-2025-03-30-082,P00178
PR-2025-03-30-082,P00940
PR-2025-03-30-082,P00556
PR-2025-03-30-082,P00432
PR-2025-03-30-082,P01197
PR-2025-03-30-082,P00112
PR-2025-03-30-082,P00642
PR-2025-03-30-082,P01056
PR-2025-03-30-082,P00570
PR-2025-03-30-082,P00650
PR-2025-03-30-082,P01252
PR-2025-03-30-082,P01157
PR-2025-03-30-082,P00652
PR-2025-03-30-082,P00029
PR-2025-03-30-082,P00102
PR-2025-03-30-082,P00554
PR-2025-03-30-082,P00374
PR-2025-03-30-082,P01329
PR-2025-03-30-083,P00212
PR-2025-03-30-083,P00809
PR-2025-03-30-083,P00343
PR-2025-03-30-083,P01033
PR-2025-03-30-083,P01083
PR-2025-03-30-083,P00092
PR-2025-03-30-083,P00028
PR-2025-03-30-083,P00104
PR-2025-03-30-083,P00001
PR-2025-03-30-083,P00911
PR-2025-03-30-083,P00606
PR-2025-03-30-083,P00453
PR-2025-03-30-083,P00191
PR-2025-03-30-083,P00852
PR-2025-03-30-083,P01338
PR-2025-03-30-083,P00871
PR-2025-03-30-083,P00342
PR-2025-03-30-083,P00685
PR-2025-03-30-083,P00921
PR-2025-03-30-083,P01335
PR-2025-03-30-083,P00943
PR-2025-03-30-083,P00227
PR-2025-03-30-083,P00326
PR-2025-03-30-083,P00610
PR-2025-03-30-083,P01035
PR-2025-03-30-083,P00771
PR-2025-03-30-083,P00259
PR-2025-03-30-083,P01186
PR-2025-03-30-084,P00076
PR-2025-03-30-084,P01226
PR-2025-03-30-084,P00186
PR-2025-03-30-084,P01291
PR-2025-03-30-084,P00461
PR-2025-03-30-084,P00661
PR-2025-03-30-084,P00426
PR-2025-03-30-084,P00005
PR-2025-03-30-084,P00070
PR-2025-03-30-084,P01234
PR-2025-03-30-084,P01024
PR-2025-03-30-084,P00584
PR-2025-03-30-084,P01148
PR-2025-03-30-084,P01361
PR-2025-03-30-084,P01106
PR-2025-03-30-084,P00731
PR-2025-03-30-084,P01168
PR-2025-03-30-084,P00990
PR-2025-03-30-084,P00952
PR-2025-03-30-084,P00393
PR-2025-03-30-084,P00256
PR-2025-03-30-084,P00002
PR-2025-03-30-084,P00057
PR-2025-03-30-084,P01362
PR-2025-03-30-084,P01007
PR-2025-04-06-086,P00432
PR-2025-04-06-086,P01047
PR-2025-04-06-086,P00650
PR-2025-04-06-086,P00147
PR-2025-04-06-086,P00647
PR-2025-04-06-086,P01222
PR-2025-04-06-086,P00112
PR-2025-04-06-086,P01018
PR-2025-04-06-086,P01081
PR-2025-04-06-086,P00029
PR-2025-04-06-086,P00800
PR-2025-04-06-086,P00895
PR-2025-04-06-086,P01000
PR-2025-04-06-086,P00178
PR-2025-04-06-086,P01280
PR-2025-04-06-086,P00946
PR-2025-04-06-086,P01492
PR-2025-04-06-086,P00554
PR-2025-04-06-086,P00309
PR-2025-04-06-086,P00572
PR-2025-04-06-086,P00556
PR-2025-04-06-086,P00102
PR-2025-04-06-086,P00334
PR-2025-04-06-086,P00708
PR-2025-04-06-087,P00131
PR-2025-04-06-087,P00500
PR-2025-04-06-087,P01160
PR-2025-04-06-087,P00948
PR-2025-04-06-087,P01195
PR-2025-04-06-087,P00779
PR-2025-04-06-087,P01200
PR-2025-04-06-087,P00902
PR-2025-04-06-087,P00488
PR-2025-04-06-087,P00528
PR-2025-04-06-087,P01166
PR-2025-04-06-087,P00445
PR-2025-04-06-087,P00249
PR-2025-04-06-087,P00892
PR-2025-04-06-087,P00058
PR-2025-04-06-087,P00386
PR-2025-04-06-087,P01316
PR-2025-04-06-087,P00460
PR-2025-04-06-087,P00437
PR-2025-04-06-087,P00371
PR-2025-04-06-087,P00587
PR-2025-04-06-087,P00410
PR-2025-04-06-087,P00741
PR-2025-04-06-087,P00598
PR-2025-04-06-087,P01025
PR-2025-04-06-088,P00997
PR-2025-04-06-088,P01345
PR-2025-04-06-088,P00040
PR-2025-04-06-088,P00190
PR-2025-04-06-088,P00908
PR-2025-04-06-088,P01385
PR-2025-04-06-088,P00480
PR-2025-04-06-088,P01078
PR-2025-04-06-088,P00575
PR-2025-04-06-088,P00459
PR-2025-04-06-088,P00783
PR-2025-04-06-088,P01224
PR-2025-04-06-088,P01109
PR-2025-04-06-088,P00251
PR-2025-04-06-088,P01073
PR-2025-04-06-088,P00398
PR-2025-04-06-088,P00368
PR-2025-04-06-088,P00192
PR-2025-04-06-088,P01397
PR-2025-04-06-088,P00302
PR-2025-04-06-088,P00295
PR-2025-04-06-088,P00385
PR-2025-04-06-088,P00634
PR-2025-04-06-088,P01231
PR-2025-04-06-090,P01089
PR-2025-04-06-090,P01378
PR-2025-04-06-090,P00128
PR-2025-04-06-090,P00804
PR-2025-04-06-090,P00187
PR-2025-04-06-090,P00431
PR-2025-04-06-090,P00377
PR-2025-04-06-090,P01462
PR-2025-04-06-090,P00189
PR-2025-04-06-090,P00086
PR-2025-04-06-090,P01336
PR-2025-04-06-090,P00176
PR-2025-04-06-090,P00609
PR-2025-04-06-090,P00960
PR-2025-04-06-090,P00177
PR-2025-04-06-090,P00228
PR-2025-04-06-090,P01272
PR-2025-04-06-090,P01367
PR-2025-04-06-090,P00620
PR-2025-04-06-090,P00679
PR-2025-04-06-090,P00728
PR-2025-04-06-090,P00843
PR-2025-04-06-090,P00495
PR-2025-04-13-091,P01468
PR-2025-04-13-091,P00053
PR-2025-04-13-091,P00845
PR-2025-04-13-091,P01496
PR-2025-04-13-091,P00877
PR-2025-04-13-091,P00993
PR-2025-04-13-091,P00202
PR-2025-04-13-091,P00669
PR-2025-04-13-091,P00945
PR-2025-04-13-091,P01387
PR-2025-04-13-091,P00106
PR-2025-04-13-091,P01043
PR-2025-04-13-091,P01102
PR-2025-04-13-091,P00359
PR-2025-04-13-091,P00197
PR-2025-04-13-091,P01103
PR-2025-04-13-091,P00476
PR-2025-04-13-091,P00323
PR-2025-04-13-091,P01498
PR-2025-04-13-091,P00018
PR-2025-04-13-091,P01029
PR-2025-04-13-091,P00352
PR-2025-04-13-091,P01214
PR-2025-04-13-091,P01324
PR-2025-04-13-091,P01191
PR-2025-04-13-092,P00627
PR-2025-04-13-092,P00930
PR-2025-04-13-092,P00496
PR-2025-04-13-092,P01059
PR-2025-04-13-092,P00240
PR-2025-04-13-092,P00517
PR-2025-04-13-092,P00404
PR-2025-04-13-092,P01333
PR-2025-04-13-092,P00420
PR-2025-04-13-092,P00919
PR-2025-04-13-092,P00244
PR-2025-04-13-092,P00208
PR-2025-04-13-092,P01205
PR-2025-04-13-092,P00161
PR-2025-04-13-092,P00896
PR-2025-04-13-092,P01022
PR-2025-04-13-092,P00181
PR-2025-04-13-092,P01189
PR-2025-04-13-092,P00607
PR-2025-04-13-092,P00638
PR-2025-04-13-092,P00179
PR-2025-04-13-092,P00712
PR-2025-04-13-092,P00709
PR-2025-04-13-092,P00173
PR-2025-04-13-092,P00775
PR-2025-04-13-093,P00768
PR-2025-04-13-093,P00936
PR-2025-04-13-093,P00892
PR-2025-04-13-093,P00386
PR-2025-04-13-093,P00729
PR-2025-04-13-093,P01130
PR-2025-04-13-093,P00451
PR-2025-04-13-093,P00818
PR-2025-04-13-093,P00320
PR-2025-04-13-093,P00934
PR-2025-04-13-093,P01025
PR-2025-04-13-093,P01203
PR-2025-04-13-093,P01046
PR-2025-04-13-093,P01166
PR-2025-04-13-093,P00083
PR-2025-04-13-093,P00656
PR-2025-04-13-093,P00992
PR-2025-04-13-093,P00587
PR-2025-04-13-093,P00902
PR-2025-04-13-093,P00364
PR-2025-04-13-093,P00816
PR-2025-04-13-093,P00948
PR-2025-04-13-093,P01193
PR-2025-04-13-093,P01396
PR-2025-04-13-093,P00823
PR-2025-04-13-095,P01489
PR-2025-04-13-095,P01412
PR-2025-04-13-095,P01204
PR-2025-04-13-095,P00341
PR-2025-04-13-095,P01434
PR-2025-04-13-095,P01454
PR-2025-04-13-095,P00504
PR-2025-04-13-095,P00651
PR-2025-04-13-095,P01173
PR-2025-04-13-095,P00977
PR-2025-04-13-095,P00680
PR-2025-04-13-095,P00363
PR-2025-04-13-095,P00502
PR-2025-04-13-095,P01499
PR-2025-04-13-095,P00392
PR-2025-04-13-095,P00512
PR-2025-04-13-095,P00284
PR-2025-04-13-095,P00380
PR-2025-04-13-095,P01235
PR-2025-04-13-095,P00407
PR-2025-04-13-095,P00778
PR-2025-04-13-095,P01438
PR-2025-04-13-095,P00329
PR-2025-04-13-095,P00618
PR-2025-04-20-097,P00024
PR-2025-04-20-097,P00186
PR-2025-04-20-097,P00411
PR-2025-04-20-097,P01168
PR-2025-04-20-097,P01374
PR-2025-04-20-097,P00661
PR-2025-04-20-097,P00002
PR-2025-04-20-097,P00393
PR-2025-04-20-097,P00719
PR-2025-04-20-097,P01347
PR-2025-04-20-097,P01064
PR-2025-04-20-097,P01116
PR-2025-04-20-097,P01234
PR-2025-04-20-097,P00698
PR-2025-04-20-097,P00357
PR-2025-04-20-097,P01291
PR-2025-04-20-097,P01244
PR-2025-04-20-097,P01328
PR-2025-04-20-097,P01106
PR-2025-04-20-097,P01296
PR-2025-04-20-097,P00277
PR-2025-04-20-097,P00152
PR-2025-04-20-097,P00772
PR-2025-04-20-097,P01362
PR-2025-04-20-097,P00508
PR-2025-04-20-098,P01471
PR-2025-04-20-098,P01312
PR-2025-04-20-098,P00242
PR-2025-04-20-098,P00482
PR-2025-04-20-098,P00971
PR-2025-04-20-098,P01062
PR-2025-04-20-098,P01038
PR-2025-04-20-098,P00032
PR-2025-04-20-098,P01297
PR-2025-04-20-098,P00920
PR-2025-04-20-098,P01115
PR-2025-04-20-098,P00354
PR-2025-04-20-098,P00697
PR-2025-04-20-098,P00011
PR-2025-04-20-098,P00850
PR-2025-04-20-098,P01086
PR-2025-04-20-098,P00167
PR-2025-04-20-098,P00067
PR-2025-04-20-098,P01448
PR-2025-04-20-098,P01140
PR-2025-04-20-098,P00425
PR-2025-04-20-098,P01497
PR-2025-04-20-098,P00414
PR-2025-04-20-099,P00469
PR-2025-04-20-099,P01070
PR-2025-04-20-099,P01124
PR-2025-04-20-099,P00041
PR-2025-04-20-099,P01337
PR-2025-04-20-099,P00868
PR-2025-04-20-099,P01133
PR-2025-04-20-099,P00760
PR-2025-04-20-099,P00893
PR-2025-04-20-099,P00999
PR-2025-04-20-099,P01488
PR-2025-04-20-099,P00405
PR-2025-04-20-099,P00884
PR-2025-04-20-099,P01447
PR-2025-04-20-099,P00236
PR-2025-04-20-099,P00853
PR-2025-04-20-099,P00148
PR-2025-04-20-099,P00567
PR-2025-04-20-099,P00581
PR-2025-04-20-099,P00869
PR-2025-04-20-099,P00888
PR-2025-04-20-099,P01242
PR-2025-04-20-099,P00023
PR-2025-04-20-100,P00488
PR-2025-04-20-100,P00274
PR-2025-04-20-100,P00447
PR-2025-04-20-100,P00535
PR-2025-04-20-100,P01316
PR-2025-04-20-100,P00747
PR-2025-04-20-100,P00927
PR-2025-04-20-100,P01406
PR-2025-04-20-100,P00744
PR-2025-04-20-100,P00823
PR-2025-04-20-100,P00445
PR-2025-04-20-100,P00386
PR-2025-04-20-100,P00320
PR-2025-04-20-100,P00183
PR-2025-04-20-100,P01160
PR-2025-04-20-100,P00410
PR-2025-04-20-100,P00830
PR-2025-04-20-100,P01166
PR-2025-04-20-100,P00949
PR-2025-04-20-100,P01325
PR-2025-04-20-100,P00344
PR-2025-04-20-100,P00676
PR-2025-04-20-100,P00756
PR-2025-04-20-100,P01309
PR-2025-04-20-100,P00528
PR-2025-04-20-101,P00507
PR-2025-04-20-101,P01418
PR-2025-04-20-101,P00735
PR-2025-04-20-101,P01348
PR-2025-04-20-101,P00457
PR-2025-04-20-101,P00799
PR-2025-04-20-101,P01274
PR-2025-04-20-101,P00298
PR-2025-04-20-101,P00883
PR-2025-04-20-101,P00016
PR-2025-04-20-101,P00542
PR-2025-04-20-101,P00720
PR-2025-04-20-101,P00454
PR-2025-04-20-101,P01238
PR-2025-04-20-101,P00580
PR-2025-04-20-101,P00623
PR-2025-04-20-101,P01417
PR-2025-04-20-101,P00894
PR-2025-04-20-101,P01437
PR-2025-04-20-101,P00135
PR-2025-04-20-101,P00721
PR-2025-04-20-101,P00264
PR-2025-04-20-101,P01263
PR-2025-04-20-101,P00736
PR-2025-04-20-102,P00925
PR-2025-04-20-102,P00017
PR-2025-04-20-102,P01019
PR-2025-04-20-102,P01479
PR-2025-04-20-102,P00336
PR-2025-04-20-102,P00144
PR-2025-04-20-102,P01014
PR-2025-04-20-102,P00529
PR-2025-04-20-102,P00473
PR-2025-04-20-102,P00956
PR-2025-04-20-102,P00172
PR-2025-04-20-102,P01481
PR-2025-04-20-102,P00233
PR-2025-04-20-102,P00403
PR-2025-04-20-102,P00297
PR-2025-04-20-102,P01278
PR-2025-04-20-102,P00739
PR-2025-04-20-102,P00593
PR-2025-04-20-102,P01286
PR-2025-04-20-102,P00235
PR-2025-04-20-102,P01464
PR-2025-04-20-102,P00674
PR-2025-04-20-102,P00834
PR-2025-04-20-102,P00270
PR-2025-04-20-102,P00963
PR-2025-04-20-102,P01074
PR-2025-04-20-102,P01420
PR-2025-04-20-102,P00160
PR-2025-04-20-102,P01026
PR-2025-04-20-102,P00840
PR-2025-04-27-107,P00832
PR-2025-04-27-107,P00819
PR-2025-04-27-107,P01287
PR-2025-04-27-107,P00085
PR-2025-04-27-107,P00353
PR-2025-04-27-107,P01232
PR-2025-04-27-107,P00738
PR-2025-04-27-107,P01400
PR-2025-04-27-107,P01248
PR-2025-04-27-107,P00022
PR-2025-04-27-107,P00014
PR-2025-04-27-107,P01188
PR-2025-04-27-107,P00037
PR-2025-04-27-107,P01288
PR-2025-04-27-107,P00710
PR-2025-04-27-107,P00156
PR-2025-04-27-107,P01010
PR-2025-04-27-107,P00951
PR-2025-04-27-107,P00965
PR-2025-04-27-107,P00279
PR-2025-04-27-107,P00033
PR-2025-04-27-107,P00428
PR-2025-04-27-107,P01442
PR-2025-04-27-107,P00253
PR-2025-04-27-107,P00711
PR-2025-04-27-108,P01050
PR-2025-04-27-108,P00455
PR-2025-04-27-108,P00549
PR-2025-04-27-108,P00908
PR-2025-04-27-108,P00594
PR-2025-04-27-108,P00905
PR-2025-04-27-108,P00520
PR-2025-04-27-108,P01425
PR-2025-04-27-108,P00219
PR-2025-04-27-108,P00551
PR-2025-04-27-108,P01302
PR-2025-04-27-108,P00635
PR-2025-04-27-108,P00979
PR-2025-04-27-108,P00847
PR-2025-04-27-108,P00592
PR-2025-04-27-108,P00981
PR-2025-04-27-108,P00541
PR-2025-04-27-108,P01243
PR-2025-04-27-108,P00634
PR-2025-04-27-108,P01424
PR-2025-04-27-108,P01281
PR-2025-04-27-108,P00304
PR-2025-04-27-108,P01246
PR-2025-04-27-108,P00416
PR-2025-05-04-109,P00309
PR-2025-05-04-109,P00029
PR-2025-05-04-109,P00108
PR-2025-05-04-109,P00449
PR-2025-05-04-109,P01011
PR-2025-05-04-109,P01178
PR-2025-05-04-109,P01310
PR-2025-05-04-109,P00127
PR-2025-05-04-109,P01032
PR-2025-05-04-109,P01082
PR-2025-05-04-109,P01197
PR-2025-05-04-109,P00800
PR-2025-05-04-109,P01339
PR-2025-05-04-109,P00365
PR-2025-05-04-109,P01222
PR-2025-05-04-109,P01175
PR-2025-05-04-109,P00178
PR-2025-05-04-109,P00522
PR-2025-05-04-109,P01478
PR-2025-05-04-109,P00998
PR-2025-05-04-109,P00432
PR-2025-05-04-109,P00241
PR-2025-05-04-109,P00435
PR-2025-05-04-109,P00102
PR-2025-05-04-110,P00670
PR-2025-05-04-110,P01126
PR-2025-05-04-110,P00495
PR-2025-05-04-110,P00625
PR-2025-05-04-110,P00325
PR-2025-05-04-110,P00837
PR-2025-05-04-110,P00086
PR-2025-05-04-110,P00679
PR-2025-05-04-110,P00059
PR-2025-05-04-110,P00844
PR-2025-05-04-110,P01150
PR-2025-05-04-110,P01170
PR-2025-05-04-110,P00094
PR-2025-05-04-110,P00974
PR-2025-05-04-110,P01330
PR-2025-05-04-110,P01039
PR-2025-05-04-110,P00088
PR-2025-05-04-110,P00205
PR-2025-05-04-110,P01380
PR-2025-05-04-110,P00814
PR-2025-05-04-110,P00874
PR-2025-05-04-110,P00128
PR-2025-05-04-110,P00044
PR-2025-05-04-111,P00886
PR-2025-05-04-111,P00191
PR-2025-05-04-111,P00139
PR-2025-05-04-111,P01080
PR-2025-05-04-111,P00771
PR-2025-05-04-111,P00338
PR-2025-05-04-111,P00246
PR-2025-05-04-111,P01040
PR-2025-05-04-111,P00003
PR-2025-05-04-111,P00704
PR-2025-05-04-111,P00001
PR-2025-05-04-111,P01357
PR-2025-05-04-111,P01134
PR-2025-05-04-111,P01122
PR-2025-05-04-111,P00200
PR-2025-05-04-111,P00146
PR-2025-05-04-111,P01422
PR-2025-05-04-111,P01314
PR-2025-05-04-111,P00212
PR-2025-05-04-111,P01446
PR-2025-05-04-111,P00028
PR-2025-05-04-111,P00408
PR-2025-05-04-111,P01181
PR-2025-05-04-111,P00911
PR-2025-05-04-111,P00356
PR-2025-05-04-111,P00761
PR-2025-05-04-111,P00286
PR-2025-05-04-111,P00104
PR-2025-05-11-115,P01331
PR-2025-05-11-115,P00430
PR-2025-05-11-115,P00365
PR-2025-05-11-115,P00330
PR-2025-05-11-115,P00795
PR-2025-05-11-115,P01267
PR-2025-05-11-115,P00397
PR-2025-05-11-115,P01222
PR-2025-05-11-115,P00872
PR-2025-05-11-115,P01018
PR-2025-05-11-115,P00808
PR-2025-05-11-115,P00946
PR-2025-05-11-115,P00577
PR-2025-05-11-115,P01144
PR-2025-05-11-115,P00708
PR-2025-05-11-115,P00642
PR-2025-05-11-115,P00600
PR-2025-05-11-115,P00127
PR-2025-05-11-115,P01206
PR-2025-05-11-115,P01175
PR-2025-05-11-115,P01280
PR-2025-05-11-115,P00071
PR-2025-05-11-115,P00374
PR-2025-05-11-115,P00650
PR-2025-05-11-116,P00626
PR-2025-05-11-116,P00956
PR-2025-05-11-116,P01239
PR-2025-05-11-116,P01461
PR-2025-05-11-116,P00403
PR-2025-05-11-116,P01318
PR-2025-05-11-116,P00739
PR-2025-05-11-116,P00526
PR-2025-05-11-116,P01074
PR-2025-05-11-116,P00010
PR-2025-05-11-116,P00566
PR-2025-05-11-116,P00485
PR-2025-05-11-116,P00487
PR-2025-05-11-116,P00706
PR-2025-05-11-116,P00239
PR-2025-05-11-116,P00931
PR-2025-05-11-116,P01237
PR-2025-05-11-116,P01286
PR-2025-05-11-116,P00051
PR-2025-05-11-116,P01449
PR-2025-05-11-116,P00233
PR-2025-05-11-116,P00907
PR-2025-05-11-116,P01278
PR-2025-05-11-116,P00503
PR-2025-05-11-116,P00840
PR-2025-05-11-116,P01066
PR-2025-05-11-116,P00780
PR-2025-05-11-116,P00593
PR-2025-05-11-116,P00834
PR-2025-05-11-116,P00155
PR-2025-05-11-119,P00936
PR-2025-05-11-119,P00257
PR-2025-05-11-119,P00934
PR-2025-05-11-119,P00676
PR-2025-05-11-119,P01381
PR-2025-05-11-119,P00183
PR-2025-05-11-119,P00451
PR-2025-05-11-119,P00744
PR-2025-05-11-119,P00992
PR-2025-05-11-119,P00902
PR-2025-05-11-119,P00488
PR-2025-05-11-119,P01309
PR-2025-05-11-119,P00587
PR-2025-05-11-119,P00860
PR-2025-05-11-119,P00892
PR-2025-05-11-119,P01002
PR-2025-05-11-119,P00437
PR-2025-05-11-119,P00410
PR-2025-05-11-119,P00445
PR-2025-05-11-119,P01193
PR-2025-05-11-119,P01440
PR-2025-05-11-119,P00409
PR-2025-05-11-119,P00528
PR-2025-05-11-119,P00703
PR-2025-05-11-119,P00969
PR-2025-05-18-123,P00905
PR-2025-05-18-123,P00267
PR-2025-05-18-123,P00929
PR-2025-05-18-123,P01209
PR-2025-05-18-123,P01216
PR-2025-05-18-123,P00345
PR-2025-05-18-123,P00520
PR-2025-05-18-123,P00192
PR-2025-05-18-123,P00594
PR-2025-05-18-123,P00452
PR-2025-05-18-123,P00402
PR-2025-05-18-123,P00776
PR-2025-05-18-123,P00261
PR-2025-05-18-123,P00190
PR-2025-05-18-123,P00219
PR-2025-05-18-123,P01346
PR-2025-05-18-123,P01065
PR-2025-05-18-123,P00757
PR-2025-05-18-123,P00935
PR-2025-05-18-123,P00978
PR-2025-05-18-123,P00245
PR-2025-05-18-123,P01215
PR-2025-05-18-123,P00783
PR-2025-05-18-123,P00304
PR-2025-05-25-128,P00274
PR-2025-05-25-128,P00830
PR-2025-05-25-128,P00587
PR-2025-05-25-128,P00705
PR-2025-05-25-128,P00484
PR-2025-05-25-128,P00741
PR-2025-05-25-128,P00291
PR-2025-05-25-128,P01396
PR-2025-05-25-128,P00860
PR-2025-05-25-128,P00729
PR-2025-05-25-128,P00386
PR-2025-05-25-128,P00805
PR-2025-05-25-128,P00460
PR-2025-05-25-128,P00344
PR-2025-05-25-128,P01195
PR-2025-05-25-128,P00058
PR-2025-05-25-128,P00823
PR-2025-05-25-128,P00410
PR-2025-05-25-128,P00083
PR-2025-05-25-128,P00371
PR-2025-05-25-128,P00447
PR-2025-05-25-128,P00238
PR-2025-05-25-128,P01111
PR-2025-05-25-128,P01325
PR-2025-05-25-128,P00321
PR-2025-05-25-129,P01223
PR-2025-05-25-129,P00085
PR-2025-05-25-129,P00865
PR-2025-05-25-129,P00711
PR-2025-05-25-129,P00687
PR-2025-05-25-129,P00442
PR-2025-05-25-129,P00951
PR-2025-05-25-129,P00226
PR-2025-05-25-129,P01450
PR-2025-05-25-129,P00738
PR-2025-05-25-129,P00279
PR-2025-05-25-129,P00710
PR-2025-05-25-129,P00441
PR-2025-05-25-129,P00052
PR-2025-05-25-129,P00353
PR-2025-05-25-129,P01441
PR-2025-05-25-129,P01123
PR-2025-05-25-129,P01306
PR-2025-05-25-129,P00863
PR-2025-05-25-129,P00287
PR-2025-05-25-129,P00547
PR-2025-05-25-129,P00819
PR-2025-05-25-129,P00813
PR-2025-05-25-129,P00519
PR-2025-05-25-129,P01248
PR-2025-05-25-130,P00485
PR-2025-05-25-130,P00770
PR-2025-05-25-130,P00184
PR-2025-05-25-130,P00548
PR-2025-05-25-130,P00748
PR-2025-05-25-130,P00767
PR-2025-05-25-130,P00188
PR-2025-05-25-130,P00235
PR-2025-05-25-130,P00810
PR-2025-05-25-130,P00073
PR-2025-05-25-130,P00996
PR-2025-05-25-130,P01286
PR-2025-05-25-130,P01026
PR-2025-05-25-130,P00360
PR-2025-05-25-130,P00870
PR-2025-05-25-130,P01461
PR-2025-05-25-130,P00526
PR-2025-05-25-130,P00194
PR-2025-05-25-130,P00473
PR-2025-05-25-130,P01233
PR-2025-05-25-130,P00333
PR-2025-05-25-130,P00599
PR-2025-05-25-130,P00717
PR-2025-05-25-130,P01481
PR-2025-05-25-130,P00433
PR-2025-05-25-130,P01218
PR-2025-05-25-130,P00172
PR-2025-05-25-130,P00649
PR-2025-05-25-130,P00529
PR-2025-05-25-130,P00693
PR-2025-05-25-132,P01495
PR-2025-05-25-132,P00942
PR-2025-05-25-132,P00517
PR-2025-05-25-132,P00350
PR-2025-05-25-132,P00643
PR-2025-05-25-132,P00786
PR-2025-05-25-132,P00119
PR-2025-05-25-132,P00715
PR-2025-05-25-132,P00404
PR-2025-05-25-132,P00513
PR-2025-05-25-132,P01059
PR-2025-05-25-132,P01473
PR-2025-05-25-132,P00223
PR-2025-05-25-132,P01342
PR-2025-05-25-132,P00933
PR-2025-05-25-132,P00420
PR-2025-05-25-132,P00327
PR-2025-05-25-132,P00389
PR-2025-05-25-132,P01128
PR-2025-05-25-132,P00161
PR-2025-05-25-132,P00173
PR-2025-05-25-132,P01132
PR-2025-05-25-132,P00919
PR-2025-05-25-132,P01404
PR-2025-05-25-132,P01301
PR-2025-06-01-133,P00123
PR-2025-06-01-133,P00852
PR-2025-06-01-133,P01335
PR-2025-06-01-133,P00565
PR-2025-06-01-133,P00531
PR-2025-06-01-133,P00434
PR-2025-06-01-133,P01365
PR-2025-06-01-133,P01068
PR-2025-06-01-133,P00815
PR-2025-06-01-133,P00146
PR-2025-06-01-133,P00003
PR-2025-06-01-133,P00685
PR-2025-06-01-133,P01265
PR-2025-06-01-133,P00774
PR-2025-06-01-133,P00227
PR-2025-06-01-133,P01122
PR-2025-06-01-133,P00383
PR-2025-06-01-133,P00356
PR-2025-06-01-133,P00286
PR-2025-06-01-133,P00911
PR-2025-06-01-133,P00610
PR-2025-06-01-133,P00068
PR-2025-06-01-133,P00259
PR-2025-06-01-133,P01142
PR-2025-06-01-133,P00617
PR-2025-06-01-133,P00915
PR-2025-06-01-133,P00947
PR-2025-06-01-133,P00001
PR-2025-06-01-135,P01480
PR-2025-06-01-135,P00122
PR-2025-06-01-135,P00505
PR-2025-06-01-135,P00203
PR-2025-06-01-135,P01458
PR-2025-06-01-135,P00984
PR-2025-06-01-135,P00903
PR-2025-06-01-135,P00989
PR-2025-06-01-135,P00053
PR-2025-06-01-135,P01029
PR-2025-06-01-135,P01043
PR-2025-06-01-135,P00283
PR-2025-06-01-135,P00043
PR-2025-06-01-135,P00418
PR-2025-06-01-135,P00197
PR-2025-06-01-135,P00378
PR-2025-06-01-135,P01171
PR-2025-06-01-135,P00339
PR-2025-06-01-135,P00323
PR-2025-06-01-135,P01498
PR-2025-06-01-135,P00527
PR-2025-06-01-135,P00422
PR-2025-06-01-135,P01101
PR-2025-06-01-135,P01394
PR-2025-06-01-135,P01305
PR-2025-06-01-136,P01148
PR-2025-06-01-136,P01226
PR-2025-06-01-136,P01064
PR-2025-06-01-136,P00841
PR-2025-06-01-136,P00990
PR-2025-06-01-136,P00391
PR-2025-06-01-136,P01347
PR-2025-06-01-136,P00731
PR-2025-06-01-136,P00121
PR-2025-06-01-136,P00584
PR-2025-06-01-136,P00114
PR-2025-06-01-136,P00269
PR-2025-06-01-136,P00057
PR-2025-06-01-136,P00461
PR-2025-06-01-136,P00152
PR-2025-06-01-136,P01451
PR-2025-06-01-136,P00952
PR-2025-06-01-136,P01106
PR-2025-06-01-136,P00961
PR-2025-06-01-136,P00462
PR-2025-06-01-136,P00138
PR-2025-06-01-136,P01296
PR-2025-06-01-136,P01184
PR-2025-06-01-136,P00661
PR-2025-06-01-136,P00185
PR-2025-06-01-138,P00724
PR-2025-06-01-138,P01128
PR-2025-06-01-138,P01132
PR-2025-06-01-138,P00942
PR-2025-06-01-138,P00113
PR-2025-06-01-138,P00709
PR-2025-06-01-138,P00124
PR-2025-06-01-138,P00643
PR-2025-06-01-138,P00621
PR-2025-06-01-138,P00712
PR-2025-06-01-138,P00438
PR-2025-06-01-138,P00608
PR-2025-06-01-138,P00786
PR-2025-06-01-138,P01044
PR-2025-06-01-138,P00607
PR-2025-06-01-138,P01404
PR-2025-06-01-138,P01022
PR-2025-06-01-138,P01427
PR-2025-06-01-138,P01323
PR-2025-06-01-138,P00933
PR-2025-06-01-138,P00224
PR-2025-06-01-138,P00638
PR-2025-06-01-138,P00463
PR-2025-06-01-138,P00775
PR-2025-06-01-138,P00026
PR-2025-06-08-141,P01042
PR-2025-06-08-141,P00107
PR-2025-06-08-141,P01204
PR-2025-06-08-141,P00262
PR-2025-06-08-141,P00509
PR-2025-06-08-141,P00307
PR-2025-06-08-141,P00977
PR-2025-06-08-141,P00020
PR-2025-06-08-141,P00827
PR-2025-06-08-141,P00502
PR-2025-06-08-141,P00115
PR-2025-06-08-141,P00595
PR-2025-06-08-141,P00306
PR-2025-06-08-141,P00619
PR-2025-06-08-141,P00680
PR-2025-06-08-141,P01240
PR-2025-06-08-141,P00380
PR-2025-06-08-141,P01434
PR-2025-06-08-141,P00133
PR-2025-06-08-141,P01156
PR-2025-06-08-141,P00966
PR-2025-06-08-141,P00553
PR-2025-06-08-141,P00216
PR-2025-06-08-141,P00889
PR-2025-06-15-146,P00796
PR-2025-06-15-146,P00020
PR-2025-06-15-146,P00691
PR-2025-06-15-146,P00363
PR-2025-06-15-146,P00502
PR-2025-06-15-146,P00651
PR-2025-06-15-146,P01048
PR-2025-06-15-146,P01434
PR-2025-06-15-146,P00922
PR-2025-06-15-146,P00553
PR-2025-06-15-146,P00595
PR-2025-06-15-146,P00421
PR-2025-06-15-146,P00601
PR-2025-06-15-146,P00133
PR-2025-06-15-146,P00090
PR-2025-06-15-146,P01454
PR-2025-06-15-146,P01045
PR-2025-06-15-146,P00198
PR-2025-06-15-146,P01173
PR-2025-06-15-146,P00680
PR-2025-06-15-146,P00833
PR-2025-06-15-146,P01292
PR-2025-06-15-146,P00977
PR-2025-06-15-146,P00778
PR-2025-06-15-148,P01287
PR-2025-06-15-148,P00415
PR-2025-06-15-148,P01188
PR-2025-06-15-148,P01441
PR-2025-06-15-148,P00550
PR-2025-06-15-148,P01016
PR-2025-06-15-148,P00156
PR-2025-06-15-148,P01363
PR-2025-06-15-148,P00944
PR-2025-06-15-148,P00547
PR-2025-06-15-148,P01223
PR-2025-06-15-148,P01303
PR-2025-06-15-148,P01306
PR-2025-06-15-148,P00253
PR-2025-06-15-148,P00813
PR-2025-06-15-148,P00209
PR-2025-06-15-148,P00006
PR-2025-06-15-148,P01288
PR-2025-06-15-148,P01123
PR-2025-06-15-148,P01153
PR-2025-06-15-148,P00247
PR-2025-06-15-148,P00968
PR-2025-06-15-148,P00788
PR-2025-06-15-148,P01143
PR-2025-06-15-148,P00287
PR-2025-06-15-149,P01327
PR-2025-06-15-149,P00793
PR-2025-06-15-149,P00517
PR-2025-06-15-149,P01404
PR-2025-06-15-149,P00638
PR-2025-06-15-149,P00521
PR-2025-06-15-149,P01444
PR-2025-06-15-149,P00709
PR-2025-06-15-149,P00942
PR-2025-06-15-149,P01022
PR-2025-06-15-149,P01128
PR-2025-06-15-149,P00699
PR-2025-06-15-149,P01255
PR-2025-06-15-149,P00607
PR-2025-06-15-149,P00008
PR-2025-06-15-149,P00919
PR-2025-06-15-149,P00682
PR-2025-06-15-149,P00790
PR-2025-06-15-149,P00537
PR-2025-06-15-149,P00350
PR-2025-06-15-149,P00982
PR-2025-06-15-149,P01279
PR-2025-06-15-149,P00224
PR-2025-06-15-149,P00786
PR-2025-06-15-149,P01059
PR-2025-06-15-150,P00431
PR-2025-06-15-150,P00695
PR-2025-06-15-150,P00377
PR-2025-06-15-150,P00843
PR-2025-06-15-150,P00044
PR-2025-06-15-150,P00064
PR-2025-06-15-150,P00094
PR-2025-06-15-150,P00494
PR-2025-06-15-150,P01150
PR-2025-06-15-150,P00974
PR-2025-06-15-150,P00625
PR-2025-06-15-150,P01089
PR-2025-06-15-150,P00670
PR-2025-06-15-150,P01311
PR-2025-06-15-150,P00844
PR-2025-06-15-150,P01039
PR-2025-06-15-150,P01260
PR-2025-06-15-150,P01272
PR-2025-06-15-150,P00804
PR-2025-06-15-150,P00916
PR-2025-06-15-150,P00732
PR-2025-06-15-150,P00088
PR-2025-06-15-150,P00730
PR-2025-06-22-152,P00997
PR-2025-06-22-152,P01419
PR-2025-06-22-152,P00266
PR-2025-06-22-152,P00398
PR-2025-06-22-152,P00686
PR-2025-06-22-152,P00576
PR-2025-06-22-152,P01391
PR-2025-06-22-152,P00251
PR-2025-06-22-152,P00575
PR-2025-06-22-152,P00983
PR-2025-06-22-152,P00399
PR-2025-06-22-152,P00302
PR-2025-06-22-152,P01246
PR-2025-06-22-152,P00551
PR-2025-06-22-152,P00594
PR-2025-06-22-152,P01302
PR-2025-06-22-152,P00882
PR-2025-06-22-152,P01230
PR-2025-06-22-152,P00385
PR-2025-06-22-152,P01425
PR-2025-06-22-152,P01247
PR-2025-06-22-152,P01243
PR-2025-06-22-152,P00455
PR-2025-06-22-152,P00981
PR-2025-06-22-154,P01491
PR-2025-06-22-154,P00002
PR-2025-06-22-154,P00492
PR-2025-06-22-154,P01353
PR-2025-06-22-154,P01328
PR-2025-06-22-154,P01015
PR-2025-06-22-154,P01457
PR-2025-06-22-154,P00491
PR-2025-06-22-154,P00639
PR-2025-06-22-154,P00114
PR-2025-06-22-154,P01116
PR-2025-06-22-154,P00005
PR-2025-06-22-154,P01291
PR-2025-06-22-154,P00025
PR-2025-06-22-154,P00303
PR-2025-06-22-154,P00269
PR-2025-06-22-154,P00952
PR-2025-06-22-154,P01435
PR-2025-06-22-154,P01057
PR-2025-06-22-154,P00461
PR-2025-06-22-154,P01007
PR-2025-06-22-154,P00975
PR-2025-06-22-154,P00186
PR-2025-06-22-154,P01064
PR-2025-06-22-154,P01296
PR-2025-06-22-156,P01275
PR-2025-06-22-156,P01004
PR-2025-06-22-156,P00089
PR-2025-06-22-156,P01350
PR-2025-06-22-156,P00011
PR-2025-06-22-156,P01408
PR-2025-06-22-156,P01213
PR-2025-06-22-156,P00697
PR-2025-06-22-156,P00231
PR-2025-06-22-156,P00466
PR-2025-06-22-156,P00755
PR-2025-06-22-156,P00578
PR-2025-06-22-156,P00296
PR-2025-06-22-156,P00067
PR-2025-06-22-156,P00524
PR-2025-06-22-156,P00166
PR-2025-06-22-156,P01409
PR-2025-06-22-156,P00120
PR-2025-06-22-156,P00752
PR-2025-06-22-156,P00379
PR-2025-06-22-156,P01008
PR-2025-06-22-156,P00850
PR-2025-06-22-156,P00032
PR-2025-06-29-158,P00957
PR-2025-06-29-158,P01372
PR-2025-06-29-158,P00558
PR-2025-06-29-158,P01098
PR-2025-06-29-158,P00093
PR-2025-06-29-158,P00555
PR-2025-06-29-158,P01494
PR-2025-06-29-158,P00743
PR-2025-06-29-158,P01343
PR-2025-06-29-158,P00481
PR-2025-06-29-158,P00953
PR-2025-06-29-158,P00645
PR-2025-06-29-158,P00950
PR-2025-06-29-158,P01093
PR-2025-06-29-158,P00046
PR-2025-06-29-158,P00116
PR-2025-06-29-158,P00332
PR-2025-06-29-158,P00331
PR-2025-06-29-158,P00701
PR-2025-06-29-158,P00737
PR-2025-06-29-158,P00348
PR-2025-06-29-161,P00751
PR-2025-06-29-161,P00526
PR-2025-06-29-161,P00593
PR-2025-06-29-161,P00433
PR-2025-06-29-161,P00717
PR-2025-06-29-161,P00045
PR-2025-06-29-161,P00503
PR-2025-06-29-161,P01026
PR-2025-06-29-161,P00039
PR-2025-06-29-161,P00589
PR-2025-06-29-161,P01318
PR-2025-06-29-161,P00235
PR-2025-06-29-161,P01465
PR-2025-06-29-161,P01146
PR-2025-06-29-161,P00201
PR-2025-06-29-161,P00160
PR-2025-06-29-161,P00333
PR-2025-06-29-161,P00487
PR-2025-06-29-161,P00839
PR-2025-06-29-161,P01286
PR-2025-06-29-161,P01341
PR-2025-06-29-161,P00870
PR-2025-06-29-161,P00726
PR-2025-06-29-161,P01481
PR-2025-06-29-161,P01402
PR-2025-06-29-161,P00239
PR-2025-06-29-161,P00622
PR-2025-06-29-161,P00596
PR-2025-06-29-161,P00360
PR-2025-06-29-161,P00674
PR-2025-06-29-162,P00355
PR-2025-06-29-162,P00384
PR-2025-06-29-162,P00903
PR-2025-06-29-162,P01258
PR-2025-06-29-162,P00280
PR-2025-06-29-162,P01387
PR-2025-06-29-162,P00423
PR-2025-06-29-162,P01119
PR-2025-06-29-162,P00879
PR-2025-06-29-162,P01112
PR-2025-06-29-162,P00688
PR-2025-06-29-162,P01043
PR-2025-06-29-162,P00418
PR-2025-06-29-162,P00807
PR-2025-06-29-162,P01141
PR-2025-06-29-162,P00989
PR-2025-06-29-162,P00359
PR-2025-06-29-162,P01468
PR-2025-06-29-162,P00265
PR-2025-06-29-162,P01229
PR-2025-06-29-162,P00197
PR-2025-06-29-162,P01075
PR-2025-06-29-162,P00464
PR-2025-06-29-162,P00740
PR-2025-06-29-162,P00053
PR-2025-07-06-164,P00141
PR-2025-07-06-164,P01389
PR-2025-07-06-164,P00543
PR-2025-07-06-164,P00173
PR-2025-07-06-164,P00406
PR-2025-07-06-164,P00517
PR-2025-07-06-164,P00222
PR-2025-07-06-164,P01485
PR-2025-07-06-164,P00712
PR-2025-07-06-164,P01429
PR-2025-07-06-164,P00638
PR-2025-07-06-164,P01405
PR-2025-07-06-164,P00829
PR-2025-07-06-164,P01189
PR-2025-07-06-164,P01327
PR-2025-07-06-164,P01427
PR-2025-07-06-164,P00513
PR-2025-07-06-164,P00327
PR-2025-07-06-164,P00105
PR-2025-07-06-164,P00643
PR-2025-07-06-164,P00627
PR-2025-07-06-164,P00715
PR-2025-07-06-164,P01279
PR-2025-07-06-164,P01333
PR-2025-07-06-164,P00463
PR-2025-07-06-167,P00776
PR-2025-07-06-167,P01397
PR-2025-07-06-167,P00213
PR-2025-07-06-167,P01050
PR-2025-07-06-167,P00575
PR-2025-07-06-167,P01230
PR-2025-07-06-167,P01231
PR-2025-07-06-167,P00399
PR-2025-07-06-167,P01073
PR-2025-07-06-167,P00480
PR-2025-07-06-167,P01345
PR-2025-07-06-167,P00979
PR-2025-07-06-167,P00995
PR-2025-07-06-167,P00520
PR-2025-07-06-167,P00908
PR-2025-07-06-167,P01078
PR-2025-07-06-167,P00634
PR-2025-07-06-167,P00040
PR-2025-07-06-167,P00302
PR-2025-07-06-167,P00549
PR-2025-07-06-167,P01419
PR-2025-07-06-167,P01109
PR-2025-07-06-167,P00219
PR-2025-07-06-167,P00518
PR-2025-07-13-169,P01006
PR-2025-07-13-169,P00745
PR-2025-07-13-169,P01409
PR-2025-07-13-169,P01096
PR-2025-07-13-169,P01471
PR-2025-07-13-169,P01312
PR-2025-07-13-169,P01410
PR-2025-07-13-169,P01008
PR-2025-07-13-169,P01110
PR-2025-07-13-169,P00087
PR-2025-07-13-169,P00417
PR-2025-07-13-169,P00971
PR-2025-07-13-169,P01376
PR-2025-07-13-169,P00195
PR-2025-07-13-169,P01086
PR-2025-07-13-169,P00379
PR-2025-07-13-169,P00077
PR-2025-07-13-169,P01179
PR-2025-07-13-169,P00483
PR-2025-07-13-169,P00300
PR-2025-07-13-169,P01140
PR-2025-07-13-169,P00242
PR-2025-07-13-169,P00466
PR-2025-07-20-175,P00226
PR-2025-07-20-175,P01290
PR-2025-07-20-175,P00603
PR-2025-07-20-175,P00013
PR-2025-07-20-175,P00738
PR-2025-07-20-175,P00965
PR-2025-07-20-175,P00427
PR-2025-07-20-175,P00037
PR-2025-07-20-175,P00052
PR-2025-07-20-175,P00550
PR-2025-07-20-175,P00616
PR-2025-07-20-175,P00415
PR-2025-07-20-175,P01450
PR-2025-07-20-175,P00667
PR-2025-07-20-175,P00865
PR-2025-07-20-175,P01298
PR-2025-07-20-175,P00288
PR-2025-07-20-175,P00687
PR-2025-07-20-175,P00863
PR-2025-07-20-175,P00924
PR-2025-07-20-175,P01136
PR-2025-07-20-175,P01415
PR-2025-07-20-175,P01441
PR-2025-07-20-175,P00308
PR-2025-07-20-175,P01131
PR-2025-07-20-178,P00791
PR-2025-07-20-178,P00225
PR-2025-07-20-178,P01267
PR-2025-07-20-178,P00631
PR-2025-07-20-178,P01222
PR-2025-07-20-178,P01197
PR-2025-07-20-178,P01280
PR-2025-07-20-178,P01354
PR-2025-07-20-178,P00570
PR-2025-07-20-178,P01392
PR-2025-07-20-178,P00562
PR-2025-07-20-178,P00178
PR-2025-07-20-178,P00361
PR-2025-07-20-178,P00080
PR-2025-07-20-178,P01310
PR-2025-07-20-178,P00835
PR-2025-07-20-178,P00365
PR-2025-07-20-178,P00642
PR-2025-07-20-178,P00798
PR-2025-07-20-178,P00435
PR-2025-07-20-178,P01061
PR-2025-07-20-178,P00430
PR-2025-07-20-178,P00309
PR-2025-07-20-178,P00650
PR-2025-07-20-179,P00343
PR-2025-07-20-179,P00617
PR-2025-07-20-179,P00227
PR-2025-07-20-179,P00886
PR-2025-07-20-179,P01493
PR-2025-07-20-179,P01365
PR-2025-07-20-179,P01357
PR-2025-07-20-179,P00362
PR-2025-07-20-179,P00347
PR-2025-07-20-179,P00123
PR-2025-07-20-179,P00092
PR-2025-07-20-179,P00191
PR-2025-07-20-179,P00911
PR-2025-07-20-179,P01040
PR-2025-07-20-179,P01147
PR-2025-07-20-179,P00672
PR-2025-07-20-179,P00104
PR-2025-07-20-179,P00338
PR-2025-07-20-179,P00815
PR-2025-07-20-179,P00704
PR-2025-07-20-179,P01259
PR-2025-07-20-179,P01186
PR-2025-07-20-179,P00259
PR-2025-07-20-179,P00453
PR-2025-07-20-179,P00973
PR-2025-07-20-179,P00921
PR-2025-07-20-179,P01315
PR-2025-07-20-179,P00139
PR-2025-07-20-180,P00753
PR-2025-07-20-180,P00137
PR-2025-07-20-180,P00055
PR-2025-07-20-180,P00822
PR-2025-07-20-180,P00883
PR-2025-07-20-180,P00305
PR-2025-07-20-180,P00381
PR-2025-07-20-180,P00734
PR-2025-07-20-180,P00016
PR-2025-07-20-180,P00050
PR-2025-07-20-180,P01177
PR-2025-07-20-180,P00938
PR-2025-07-20-180,P00799
PR-2025-07-20-180,P00252
PR-2025-07-20-180,P00563
PR-2025-07-20-180,P00118
PR-2025-07-20-180,P00069
PR-2025-07-20-180,P01274
PR-2025-07-20-180,P00787
PR-2025-07-20-180,P00657
PR-2025-07-20-180,P00079
PR-2025-07-20-180,P01470
PR-2025-07-20-180,P00021
PR-2025-07-20-180,P00292
PR-2025-07-27-183,P01180
PR-2025-07-27-183,P00535
PR-2025-07-27-183,P00959
PR-2025-07-27-183,P00969
PR-2025-07-27-183,P00763
PR-2025-07-27-183,P00705
PR-2025-07-27-183,P00860
PR-2025-07-27-183,P01467
PR-2025-07-27-183,P01166
PR-2025-07-27-183,P00321
PR-2025-07-27-183,P01440
PR-2025-07-27-183,P00611
PR-2025-07-27-183,P00927
PR-2025-07-27-183,P01160
PR-2025-07-27-183,P00082
PR-2025-07-27-183,P00410
PR-2025-07-27-183,P00447
PR-2025-07-27-183,P00816
PR-2025-07-27-183,P00249
PR-2025-07-27-183,P00344
PR-2025-07-27-183,P00992
PR-2025-07-27-183,P01379
PR-2025-07-27-183,P00949
PR-2025-07-27-183,P01316
PR-2025-07-27-183,P01381
PR-2025-07-27-184,P00229
PR-2025-07-27-184,P00532
PR-2025-07-27-184,P00405
PR-2025-07-27-184,P00448
PR-2025-07-27-184,P01172
PR-2025-07-27-184,P01488
PR-2025-07-27-184,P00516
PR-2025-07-27-184,P00567
PR-2025-07-27-184,P01358
PR-2025-07-27-184,P00182
PR-2025-07-27-184,P00436
PR-2025-07-27-184,P01151
PR-2025-07-27-184,P01377
PR-2025-07-27-184,P01095
PR-2025-07-27-184,P01475
PR-2025-07-27-184,P01428
PR-2025-07-27-184,P00999
PR-2025-07-27-184,P01386
PR-2025-07-27-184,P01164
PR-2025-07-27-184,P01423
PR-2025-07-27-184,P01124
PR-2025-07-27-184,P00159
PR-2025-07-27-184,P00893
PR-2025-08-03-190,P00728
PR-2025-08-03-190,P01403
PR-2025-08-03-190,P00044
PR-2025-08-03-190,P00494
PR-2025-08-03-190,P00205
PR-2025-08-03-190,P00424
PR-2025-08-03-190,P00758
PR-2025-08-03-190,P01017
PR-2025-08-03-190,P01072
PR-2025-08-03-190,P00732
PR-2025-08-03-190,P00972
PR-2025-08-03-190,P00088
PR-2025-08-03-190,P01272
PR-2025-08-03-190,P01336
PR-2025-08-03-190,P00177
PR-2025-08-03-190,P01277
PR-2025-08-03-190,P01125
PR-2025-08-03-190,P00695
PR-2025-08-03-190,P00189
PR-2025-08-03-190,P00086
PR-2025-08-03-190,P00431
PR-2025-08-03-190,P01407
PR-2025-08-03-190,P01260
PR-2025-08-03-191,P01440
PR-2025-08-03-191,P00081
PR-2025-08-03-191,P00885
PR-2025-08-03-191,P00276
PR-2025-08-03-191,P00238
PR-2025-08-03-191,P00488
PR-2025-08-03-191,P00409
PR-2025-08-03-191,P00364
PR-2025-08-03-191,P00948
PR-2025-08-03-191,P00528
PR-2025-08-03-191,P01200
PR-2025-08-03-191,P01193
PR-2025-08-03-191,P00729
PR-2025-08-03-191,P00344
PR-2025-08-03-191,P01002
PR-2025-08-03-191,P00484
PR-2025-08-03-191,P00934
PR-2025-08-03-191,P00500
PR-2025-08-03-191,P00805
PR-2025-08-03-191,P00058
PR-2025-08-03-191,P00082
PR-2025-08-03-191,P00611
PR-2025-08-03-191,P01325
PR-2025-08-03-191,P01406
PR-2025-08-03-191,P00892
PR-2025-08-10-195,P01063
PR-2025-08-10-195,P00880
PR-2025-08-10-195,P00853
PR-2025-08-10-195,P00684
PR-2025-08-10-195,P00019
PR-2025-08-10-195,P00723
PR-2025-08-10-195,P01228
PR-2025-08-10-195,P01071
PR-2025-08-10-195,P01423
PR-2025-08-10-195,P00532
PR-2025-08-10-195,P00041
PR-2025-08-10-195,P00552
PR-2025-08-10-195,P00999
PR-2025-08-10-195,P01256
PR-2025-08-10-195,P00072
PR-2025-08-10-195,P00293
PR-2025-08-10-195,P01245
PR-2025-08-10-195,P00571
PR-2025-08-10-195,P01475
PR-2025-08-10-195,P01386
PR-2025-08-10-195,P00150
PR-2025-08-10-195,P01117
PR-2025-08-10-195,P00568
PR-2025-08-10-198,P00299
PR-2025-08-10-198,P01305
PR-2025-08-10-198,P00171
PR-2025-08-10-198,P00510
PR-2025-08-10-198,P00666
PR-2025-08-10-198,P01463
PR-2025-08-10-198,P00678
PR-2025-08-10-198,P00989
PR-2025-08-10-198,P01201
PR-2025-08-10-198,P00418
PR-2025-08-10-198,P00669
PR-2025-08-10-198,P01084
PR-2025-08-10-198,P00807
PR-2025-08-10-198,P00615
PR-2025-08-10-198,P00122
PR-2025-08-10-198,P01468
PR-2025-08-10-198,P00605
PR-2025-08-10-198,P00954
PR-2025-08-10-198,P00985
PR-2025-08-10-198,P00688
PR-2025-08-10-198,P01387
PR-2025-08-10-198,P00388
PR-2025-08-10-198,P01324
PR-2025-08-10-198,P00301
PR-2025-08-10-198,P00283
PR-2025-08-17-199,P00654
PR-2025-08-17-199,P00482
PR-2025-08-17-199,P01202
PR-2025-08-17-199,P01163
PR-2025-08-17-199,P01369
PR-2025-08-17-199,P00745
PR-2025-08-17-199,P00129
PR-2025-08-17-199,P00379
PR-2025-08-17-199,P01213
PR-2025-08-17-199,P00130
PR-2025-08-17-199,P01376
PR-2025-08-17-199,P00300
PR-2025-08-17-199,P00614
PR-2025-08-17-199,P01350
PR-2025-08-17-199,P00755
PR-2025-08-17-199,P01055
PR-2025-08-17-199,P01297
PR-2025-08-17-199,P00971
PR-2025-08-17-199,P00120
PR-2025-08-17-199,P01086
PR-2025-08-17-199,P00690
PR-2025-08-17-199,P01326
PR-2025-08-17-199,P00578
PR-2025-08-17-200,P01475
PR-2025-08-17-200,P00041
PR-2025-08-17-200,P00493
PR-2025-08-17-200,P00143
PR-2025-08-17-200,P00888
PR-2025-08-17-200,P00980
PR-2025-08-17-200,P00448
PR-2025-08-17-200,P01256
PR-2025-08-17-200,P00637
PR-2025-08-17-200,P01117
PR-2025-08-17-200,P00182
PR-2025-08-17-200,P01386
PR-2025-08-17-200,P00540
PR-2025-08-17-200,P00148
PR-2025-08-17-200,P00243
PR-2025-08-17-200,P01245
PR-2025-08-17-200,P01445
PR-2025-08-17-200,P00159
PR-2025-08-17-200,P00153
PR-2025-08-17-200,P00760
PR-2025-08-17-200,P00281
PR-2025-08-17-200,P00019
PR-2025-08-17-200,P00436
PR-2025-08-17-201,P00359
PR-2025-08-17-201,P00605
PR-2025-08-17-201,P01496
PR-2025-08-17-201,P01468
PR-2025-08-17-201,P00053
PR-2025-08-17-201,P01214
PR-2025-08-17-201,P00967
PR-2025-08-17-201,P00807
PR-2025-08-17-201,P01155
PR-2025-08-17-201,P01258
PR-2025-08-17-201,P00666
PR-2025-08-17-201,P00335
PR-2025-08-17-201,P00122
PR-2025-08-17-201,P00846
PR-2025-08-17-201,P00098
PR-2025-08-17-201,P00197
PR-2025-08-17-201,P01191
PR-2025-08-17-201,P01394
PR-2025-08-17-201,P00615
PR-2025-08-17-201,P00984
PR-2025-08-17-201,P01119
PR-2025-08-17-201,P01411
PR-2025-08-17-201,P00422
PR-2025-08-17-201,P00923
PR-2025-08-17-201,P00034
PR-2025-08-17-204,P00876
PR-2025-08-17-204,P00789
PR-2025-08-17-204,P01081
PR-2025-08-17-204,P01339
PR-2025-08-17-204,P01169
PR-2025-08-17-204,P01121
PR-2025-08-17-204,P00374
PR-2025-08-17-204,P01310
PR-2025-08-17-204,P01178
PR-2025-08-17-204,P01145
PR-2025-08-17-204,P00708
PR-2025-08-17-204,P00556
PR-2025-08-17-204,P01206
PR-2025-08-17-204,P00572
PR-2025-08-17-204,P01018
PR-2025-08-17-204,P00102
PR-2025-08-17-204,P00650
PR-2025-08-17-204,P01090
PR-2025-08-17-204,P00998
PR-2025-08-17-204,P01395
PR-2025-08-17-204,P00600
PR-2025-08-17-204,P00795
PR-2025-08-17-204,P01056
PR-2025-08-17-204,P01061
PR-2025-08-24-205,P00105
PR-2025-08-24-205,P01185
PR-2025-08-24-205,P00223
PR-2025-08-24-205,P00218
PR-2025-08-24-205,P00140
PR-2025-08-24-205,P00988
PR-2025-08-24-205,P00928
PR-2025-08-24-205,P00401
PR-2025-08-24-205,P01022
PR-2025-08-24-205,P00350
PR-2025-08-24-205,P00496
PR-2025-08-24-205,P01132
PR-2025-08-24-205,P00643
PR-2025-08-24-205,P00230
PR-2025-08-24-205,P00327
PR-2025-08-24-205,P00240
PR-2025-08-24-205,P00942
PR-2025-08-24-205,P01495
PR-2025-08-24-205,P00627
PR-2025-08-24-205,P00463
PR-2025-08-24-205,P00790
PR-2025-08-24-205,P00919
PR-2025-08-24-205,P00404
PR-2025-08-24-205,P01279
PR-2025-08-24-205,P00699
PR-2025-08-24-207,P00442
PR-2025-08-24-207,P01136
PR-2025-08-24-207,P00782
PR-2025-08-24-207,P00813
PR-2025-08-24-207,P01441
PR-2025-08-24-207,P01262
PR-2025-08-24-207,P01223
PR-2025-08-24-207,P00441
PR-2025-08-24-207,P00022
PR-2025-08-24-207,P00533
PR-2025-08-24-207,P00014
PR-2025-08-24-207,P00536
PR-2025-08-24-207,P00857
PR-2025-08-24-207,P00490
PR-2025-08-24-207,P01450
PR-2025-08-24-207,P00722
PR-2025-08-24-207,P00427
PR-2025-08-24-207,P00687
PR-2025-08-24-207,P00832
PR-2025-08-24-207,P01248
PR-2025-08-24-207,P00550
PR-2025-08-24-207,P00616
PR-2025-08-24-207,P00968
PR-2025-08-24-207,P00428
PR-2025-08-24-207,P01442
PR-2025-08-31-211,P00039
PR-2025-08-31-211,P01318
PR-2025-08-31-211,P00188
PR-2025-08-31-211,P00235
PR-2025-08-31-211,P00017
PR-2025-08-31-211,P00211
PR-2025-08-31-211,P00544
PR-2025-08-31-211,P01465
PR-2025-08-31-211,P00785
PR-2025-08-31-211,P01208
PR-2025-08-31-211,P00596
PR-2025-08-31-211,P00172
PR-2025-08-31-211,P01233
PR-2025-08-31-211,P00270
PR-2025-08-31-211,P00751
PR-2025-08-31-211,P01066
PR-2025-08-31-211,P00665
PR-2025-08-31-211,P00160
PR-2025-08-31-211,P00693
PR-2025-08-31-211,P00589
PR-2025-08-31-211,P01013
PR-2025-08-31-211,P01026
PR-2025-08-31-211,P01149
PR-2025-08-31-211,P01479
PR-2025-08-31-211,P00574
PR-2025-08-31-211,P00045
PR-2025-08-31-211,P00925
PR-2025-08-31-211,P00433
PR-2025-08-31-211,P00333
PR-2025-08-31-211,P00996
PR-2025-08-31-216,P00164
PR-2025-08-31-216,P00789
PR-2025-08-31-216,P00522
PR-2025-08-31-216,P00554
PR-2025-08-31-216,P01433
PR-2025-08-31-216,P01492
PR-2025-08-31-216,P00577
PR-2025-08-31-216,P01382
PR-2025-08-31-216,P00432
PR-2025-08-31-216,P00071
PR-2025-08-31-216,P00572
PR-2025-08-31-216,P01392
PR-2025-08-31-216,P00147
PR-2025-08-31-216,P00108
PR-2025-08-31-216,P00475
PR-2025-08-31-216,P01047
PR-2025-08-31-216,P00112
PR-2025-08-31-216,P00862
PR-2025-08-31-216,P01121
PR-2025-08-31-216,P00795
PR-2025-08-31-216,P01331
PR-2025-08-31-216,P01340
PR-2025-08-31-216,P00662
PR-2025-08-31-216,P01310
PR-2025-09-07-217,P00230
PR-2025-09-07-217,P00699
PR-2025-09-07-217,P01444
PR-2025-09-07-217,P01485
PR-2025-09-07-217,P00715
PR-2025-09-07-217,P00224
PR-2025-09-07-217,P01205
PR-2025-09-07-217,P00008
PR-2025-09-07-217,P00438
PR-2025-09-07-217,P01132
PR-2025-09-07-217,P00928
PR-2025-09-07-217,P00486
PR-2025-09-07-217,P01327
PR-2025-09-07-217,P01139
PR-2025-09-07-217,P00682
PR-2025-09-07-217,P01405
PR-2025-09-07-217,P00389
PR-2025-09-07-217,P01282
PR-2025-09-07-217,P00208
PR-2025-09-07-217,P00173
PR-2025-09-07-217,P01185
PR-2025-09-07-217,P00113
PR-2025-09-07-217,P00124
PR-2025-09-07-217,P00712
PR-2025-09-07-217,P01022
PR-2025-09-07-218,P01143
PR-2025-09-07-218,P00006
PR-2025-09-07-218,P00944
PR-2025-09-07-218,P01393
PR-2025-09-07-218,P01248
PR-2025-09-07-218,P01441
PR-2025-09-07-218,P01010
PR-2025-09-07-218,P00711
PR-2025-09-07-218,P01154
PR-2025-09-07-218,P01118
PR-2025-09-07-218,P00782
PR-2025-09-07-218,P00490
PR-2025-09-07-218,P01223
PR-2025-09-07-218,P01306
PR-2025-09-07-218,P00722
PR-2025-09-07-218,P00062
PR-2025-09-07-218,P00788
PR-2025-09-07-218,P01076
PR-2025-09-07-218,P00547
PR-2025-09-07-218,P01188
PR-2025-09-07-218,P00687
PR-2025-09-07-218,P00085
PR-2025-09-07-218,P01321
PR-2025-09-07-218,P00441
PR-2025-09-07-218,P00536
PR-2025-09-07-219,P00444
PR-2025-09-07-219,P00329
PR-2025-09-07-219,P00198
PR-2025-09-07-219,P01031
PR-2025-09-07-219,P00700
PR-2025-09-07-219,P01454
PR-2025-09-07-219,P00412
PR-2025-09-07-219,P01434
PR-2025-09-07-219,P00380
PR-2025-09-07-219,P01438
PR-2025-09-07-219,P00502
PR-2025-09-07-219,P01360
PR-2025-09-07-219,P00382
PR-2025-09-07-219,P00341
PR-2025-09-07-219,P00854
PR-2025-09-07-219,P01344
PR-2025-09-07-219,P01235
PR-2025-09-07-219,P00115
PR-2025-09-07-219,P00651
PR-2025-09-07-219,P00742
PR-2025-09-07-219,P01370
PR-2025-09-07-219,P00825
PR-2025-09-07-219,P00307
PR-2025-09-07-219,P00802
PR-2025-09-07-220,P01263
PR-2025-09-07-220,P00986
PR-2025-09-07-220,P01484
PR-2025-09-07-220,P00580
PR-2025-09-07-220,P00828
PR-2025-09-07-220,P01486
PR-2025-09-07-220,P00137
PR-2025-09-07-220,P00542
PR-2025-09-07-220,P00746
PR-2025-09-07-220,P00573
PR-2025-09-07-220,P01469
PR-2025-09-07-220,P00210
PR-2025-09-07-220,P01348
PR-2025-09-07-220,P01194
PR-2025-09-07-220,P00883
PR-2025-09-07-220,P00292
PR-2025-09-07-220,P01476
PR-2025-09-07-220,P00264
PR-2025-09-07-220,P00016
PR-2025-09-07-220,P00220
PR-2025-09-07-220,P00721
PR-2025-09-07-220,P00894
PR-2025-09-07-220,P01437
PR-2025-09-07-220,P00446
PR-2025-09-07-221,P01179
PR-2025-09-07-221,P00414
PR-2025-09-07-221,P00007
PR-2025-09-07-221,P01202
PR-2025-09-07-221,P00483
PR-2025-09-07-221,P00089
PR-2025-09-07-221,P01227
PR-2025-09-07-221,P00300
PR-2025-09-07-221,P00654
PR-2025-09-07-221,P01140
PR-2025-09-07-221,P00578
PR-2025-09-07-221,P00697
PR-2025-09-07-221,P00482
PR-2025-09-07-221,P00466
PR-2025-09-07-221,P01410
PR-2025-09-07-221,P01006
PR-2025-09-07-221,P00149
PR-2025-09-07-221,P01127
PR-2025-09-07-221,P01094
PR-2025-09-07-221,P01273
PR-2025-09-07-221,P01490
PR-2025-09-07-221,P00195
PR-2025-09-07-221,P00971
PR-2025-09-14-223,P00741
PR-2025-09-14-223,P00992
PR-2025-09-14-223,P00320
PR-2025-09-14-223,P01111
PR-2025-09-14-223,P00410
PR-2025-09-14-223,P01276
PR-2025-09-14-223,P01440
PR-2025-09-14-223,P00705
PR-2025-09-14-223,P00183
PR-2025-09-14-223,P01193
PR-2025-09-14-223,P00439
PR-2025-09-14-223,P00598
PR-2025-09-14-223,P00238
PR-2025-09-14-223,P00249
PR-2025-09-14-223,P00816
PR-2025-09-14-223,P00729
PR-2025-09-14-223,P00744
PR-2025-09-14-223,P00927
PR-2025-09-14-223,P00763
PR-2025-09-14-223,P00891
PR-2025-09-14-223,P01166
PR-2025-09-14-223,P00082
PR-2025-09-14-223,P00274
PR-2025-09-14-223,P01002
PR-2025-09-14-223,P00959
PR-2025-09-14-224,P00292
PR-2025-09-14-224,P00079
PR-2025-09-14-224,P00822
PR-2025-09-14-224,P00746
PR-2025-09-14-224,P00894
PR-2025-09-14-224,P00250
PR-2025-09-14-224,P00938
PR-2025-09-14-224,P00021
PR-2025-09-14-224,P01270
PR-2025-09-14-224,P00429
PR-2025-09-14-224,P00316
PR-2025-09-14-224,P00753
PR-2025-09-14-224,P01034
PR-2025-09-14-224,P00055
PR-2025-09-14-224,P00573
PR-2025-09-14-224,P01036
PR-2025-09-14-224,P00648
PR-2025-09-14-224,P00736
PR-2025-09-14-224,P00836
PR-2025-09-14-224,P00214
PR-2025-09-14-224,P00137
PR-2025-09-14-224,P00413
PR-2025-09-14-224,P00118
PR-2025-09-14-224,P01058
PR-2025-09-14-226,P01001
PR-2025-09-14-226,P01327
PR-2025-09-14-226,P01427
PR-2025-09-14-226,P00724
PR-2025-09-14-226,P01114
PR-2025-09-14-226,P00223
PR-2025-09-14-226,P00715
PR-2025-09-14-226,P00124
PR-2025-09-14-226,P01189
PR-2025-09-14-226,P00224
PR-2025-09-14-226,P00607
PR-2025-09-14-226,P00608
PR-2025-09-14-226,P00370
PR-2025-09-14-226,P00933
PR-2025-09-14-226,P00008
PR-2025-09-14-226,P00350
PR-2025-09-14-226,P00982
PR-2025-09-14-226,P00513
PR-2025-09-14-226,P01485
PR-2025-09-14-226,P00496
PR-2025-09-14-226,P00173
PR-2025-09-14-226,P00569
PR-2025-09-14-226,P00699
PR-2025-09-14-226,P00486
PR-2025-09-14-226,P00537
PR-2025-09-14-228,P00212
PR-2025-09-14-228,P00104
PR-2025-09-14-228,P00326
PR-2025-09-14-228,P00871
PR-2025-09-14-228,P01083
PR-2025-09-14-228,P00617
PR-2025-09-14-228,P00766
PR-2025-09-14-228,P01097
PR-2025-09-14-228,P00809
PR-2025-09-14-228,P01147
PR-2025-09-14-228,P00921
PR-2025-09-14-228,P00232
PR-2025-09-14-228,P00610
PR-2025-09-14-228,P00534
PR-2025-09-14-228,P00314
PR-2025-09-14-228,P00762
PR-2025-09-14-228,P01349
PR-2025-09-14-228,P00910
PR-2025-09-14-228,P01365
PR-2025-09-14-228,P01493
PR-2025-09-14-228,P01186
PR-2025-09-14-228,P00472
PR-2025-09-14-228,P00003
PR-2025-09-14-228,P01452
PR-2025-09-14-228,P00125
PR-2025-09-14-228,P00685
PR-2025-09-14-228,P00911
PR-2025-09-14-228,P00506
PR-2025-09-21-229,P00465
PR-2025-09-21-229,P00084
PR-2025-09-21-229,P00348
PR-2025-09-21-229,P00976
PR-2025-09-21-229,P01399
PR-2025-09-21-229,P00163
PR-2025-09-21-229,P00078
PR-2025-09-21-229,P00248
PR-2025-09-21-229,P00096
PR-2025-09-21-229,P01371
PR-2025-09-21-229,P01098
PR-2025-09-21-229,P00027
PR-2025-09-21-229,P01295
PR-2025-09-21-229,P00331
PR-2025-09-21-229,P00481
PR-2025-09-21-229,P01494
PR-2025-09-21-229,P00640
PR-2025-09-21-229,P00479
PR-2025-09-21-229,P01251
PR-2025-09-21-229,P00322
PR-2025-09-21-229,P00273
PR-2025-09-21-230,P00448
PR-2025-09-21-230,P00180
PR-2025-09-21-230,P00143
PR-2025-09-21-230,P00900
PR-2025-09-21-230,P00516
PR-2025-09-21-230,P01377
PR-2025-09-21-230,P00567
PR-2025-09-21-230,P00962
PR-2025-09-21-230,P00904
PR-2025-09-21-230,P00311
PR-2025-09-21-230,P00148
PR-2025-09-21-230,P00281
PR-2025-09-21-230,P00072
PR-2025-09-21-230,P00312
PR-2025-09-21-230,P00980
PR-2025-09-21-230,P00644
PR-2025-09-21-230,P00532
PR-2025-09-21-230,P01228
PR-2025-09-21-230,P00684
PR-2025-09-21-230,P01199
PR-2025-09-21-230,P01352
PR-2025-09-21-230,P00673
PR-2025-09-21-230,P00568
PR-2025-09-21-231,P00607
PR-2025-09-21-231,P00682
PR-2025-09-21-231,P00230
PR-2025-09-21-231,P01255
PR-2025-09-21-231,P00521
PR-2025-09-21-231,P00406
PR-2025-09-21-231,P01279
PR-2025-09-21-231,P00988
PR-2025-09-21-231,P01327
PR-2025-09-21-231,P00173
PR-2025-09-21-231,P00389
PR-2025-09-21-231,P00829
PR-2025-09-21-231,P01477
PR-2025-09-21-231,P00350
PR-2025-09-21-231,P00786
PR-2025-09-21-231,P00608
PR-2025-09-21-231,P00712
PR-2025-09-21-231,P00208
PR-2025-09-21-231,P00113
PR-2025-09-21-231,P00638
PR-2025-09-21-231,P00218
PR-2025-09-21-231,P00401
PR-2025-09-21-231,P00942
PR-2025-09-21-231,P01185
PR-2025-09-21-231,P00145
PR-2025-09-28-235,P00504
PR-2025-09-28-235,P00655
PR-2025-09-28-235,P01472
PR-2025-09-28-235,P00700
PR-2025-09-28-235,P00382
PR-2025-09-28-235,P00306
PR-2025-09-28-235,P00618
PR-2025-09-28-235,P00198
PR-2025-09-28-235,P01048
PR-2025-09-28-235,P00854
PR-2025-09-28-235,P00262
PR-2025-09-28-235,P01045
PR-2025-09-28-235,P01434
PR-2025-09-28-235,P00363
PR-2025-09-28-235,P01156
PR-2025-09-28-235,P00796
PR-2025-09-28-235,P00889
PR-2025-09-28-235,P00107
PR-2025-09-28-235,P01225
PR-2025-09-28-235,P00115
PR-2025-09-28-235,P00966
PR-2025-09-28-235,P01054
PR-2025-09-28-235,P01368
PR-2025-09-28-235,P00802
PR-2025-09-28-236,P00629
PR-2025-09-28-236,P01373
PR-2025-09-28-236,P01268
PR-2025-09-28-236,P01457
PR-2025-09-28-236,P00221
PR-2025-09-28-236,P00612
PR-2025-09-28-236,P00256
PR-2025-09-28-236,P01456
PR-2025-09-28-236,P00103
PR-2025-09-28-236,P00539
PR-2025-09-28-236,P00002
PR-2025-09-28-236,P01234
PR-2025-09-28-236,P00878
PR-2025-09-28-236,P00491
PR-2025-09-28-236,P00207
PR-2025-09-28-236,P00426
PR-2025-09-28-236,P00114
PR-2025-09-28-236,P00121
PR-2025-09-28-236,P00391
PR-2025-09-28-236,P00138
PR-2025-09-28-236,P01296
PR-2025-09-28-236,P00952
PR-2025-09-28-236,P00461
PR-2025-09-28-236,P01007
PR-2025-09-28-236,P01012
PR-2025-10-12-248,P00968
PR-2025-10-12-248,P01076
PR-2025-10-12-248,P01441
PR-2025-10-12-248,P00710
PR-2025-10-12-248,P00062
PR-2025-10-12-248,P01400
PR-2025-10-12-248,P01183
PR-2025-10-12-248,P01232
PR-2025-10-12-248,P01415
PR-2025-10-12-248,P00415
PR-2025-10-12-248,P01223
PR-2025-10-12-248,P00042
PR-2025-10-12-248,P00738
PR-2025-10-12-248,P00813
PR-2025-10-12-248,P00132
PR-2025-10-12-248,P01249
PR-2025-10-12-248,P00714
PR-2025-10-12-248,P01153
PR-2025-10-12-248,P00288
PR-2025-10-12-248,P01450
PR-2025-10-12-248,P01248
PR-2025-10-12-248,P00272
PR-2025-10-12-248,P00536
PR-2025-10-12-248,P00616
PR-2025-10-12-248,P01303
PR-2025-10-12-249,P01349
PR-2025-10-12-249,P01068
PR-2025-10-12-249,P01314
PR-2025-10-12-249,P01452
PR-2025-10-12-249,P00842
PR-2025-10-12-249,P00453
PR-2025-10-12-249,P01253
PR-2025-10-12-249,P00943
PR-2025-10-12-249,P00871
PR-2025-10-12-249,P01083
PR-2025-10-12-249,P01040
PR-2025-10-12-249,P00196
PR-2025-10-12-249,P00125
PR-2025-10-12-249,P01460
PR-2025-10-12-249,P01315
PR-2025-10-12-249,P00362
PR-2025-10-12-249,P01259
PR-2025-10-12-249,P00343
PR-2025-10-12-249,P00347
PR-2025-10-12-249,P00314
PR-2025-10-12-249,P01365
PR-2025-10-12-249,P00762
PR-2025-10-12-249,P00910
PR-2025-10-12-249,P01269
PR-2025-10-12-249,P00815
PR-2025-10-12-249,P00915
PR-2025-10-12-249,P01134
PR-2025-10-12-249,P00104
PR-2025-10-12-250,P00225
PR-2025-10-12-250,P00556
PR-2025-10-12-250,P01280
PR-2025-10-12-250,P01331
PR-2025-10-12-250,P00765
PR-2025-10-12-250,P01310
PR-2025-10-12-250,P01175
PR-2025-10-12-250,P00876
PR-2025-10-12-250,P00650
PR-2025-10-12-250,P00029
PR-2025-10-12-250,P00647
PR-2025-10-12-250,P01021
PR-2025-10-12-250,P01178
PR-2025-10-12-250,P00075
PR-2025-10-12-250,P00330
PR-2025-10-12-250,P01011
PR-2025-10-12-250,P00872
PR-2025-10-12-250,P00862
PR-2025-10-12-250,P01329
PR-2025-10-12-250,P01339
PR-2025-10-12-250,P00998
PR-2025-10-12-250,P00365
PR-2025-10-12-250,P00708
PR-2025-10-12-250,P01082
PR-2025-10-12-252,P01292
PR-2025-10-12-252,P01041
PR-2025-10-12-252,P00502
PR-2025-10-12-252,P00307
PR-2025-10-12-252,P00421
PR-2025-10-12-252,P01368
PR-2025-10-12-252,P01225
PR-2025-10-12-252,P00115
PR-2025-10-12-252,P00742
PR-2025-10-12-252,P00387
PR-2025-10-12-252,P00778
PR-2025-10-12-252,P00553
PR-2025-10-12-252,P00655
PR-2025-10-12-252,P00341
PR-2025-10-12-252,P00700
PR-2025-10-12-252,P00380
PR-2025-10-12-252,P00444
PR-2025-10-12-252,P00680
PR-2025-10-12-252,P01174
PR-2025-10-12-252,P00796
PR-2025-10-12-252,P00619
PR-2025-10-12-252,P00939
PR-2025-10-12-252,P00624
PR-2025-10-12-252,P00958
PR-2025-10-19-256,P00524
PR-2025-10-19-256,P00613
PR-2025-10-19-256,P00773
PR-2025-10-19-256,P00654
PR-2025-10-19-256,P01369
PR-2025-10-19-256,P01312
PR-2025-10-19-256,P01408
PR-2025-10-19-256,P00824
PR-2025-10-19-256,P01115
PR-2025-10-19-256,P00089
PR-2025-10-19-256,P01350
PR-2025-10-19-256,P01094
PR-2025-10-19-256,P01326
PR-2025-10-19-256,P01471
PR-2025-10-19-256,P00032
PR-2025-10-19-256,P01410
PR-2025-10-19-256,P00174
PR-2025-10-19-256,P01179
PR-2025-10-19-256,P01383
PR-2025-10-19-256,P01008
PR-2025-10-19-256,P01448
PR-2025-10-19-256,P01110
PR-2025-10-19-256,P00237
PR-2025-10-19-257,P00006
PR-2025-10-19-257,P00547
PR-2025-10-19-257,P00279
PR-2025-10-19-257,P00376
PR-2025-10-19-257,P01154
PR-2025-10-19-257,P01143
PR-2025-10-19-257,P01010
PR-2025-10-19-257,P00037
PR-2025-10-19-257,P00788
PR-2025-10-19-257,P00337
PR-2025-10-19-257,P01415
PR-2025-10-19-257,P01248
PR-2025-10-19-257,P00550
PR-2025-10-19-257,P01223
PR-2025-10-19-257,P00490
PR-2025-10-19-257,P00603
PR-2025-10-19-257,P01118
PR-2025-10-19-257,P00022
PR-2025-10-19-257,P00819
PR-2025-10-19-257,P01123
PR-2025-10-19-257,P00813
PR-2025-10-19-257,P00109
PR-2025-10-19-257,P00782
PR-2025-10-19-257,P00968
PR-2025-10-19-257,P00738
PR-2025-10-19-258,P01440
PR-2025-10-19-258,P00934
PR-2025-10-19-258,P00656
PR-2025-10-19-258,P00321
PR-2025-10-19-258,P00437
PR-2025-10-19-258,P00902
PR-2025-10-19-258,P00170
PR-2025-10-19-258,P00371
PR-2025-10-19-258,P00564
PR-2025-10-19-258,P01379
PR-2025-10-19-258,P00386
PR-2025-10-19-258,P01200
PR-2025-10-19-258,P01316
PR-2025-10-19-258,P00131
PR-2025-10-19-258,P01002
PR-2025-10-19-258,P00535
PR-2025-10-19-258,P00741
PR-2025-10-19-258,P00703
PR-2025-10-19-258,P00409
PR-2025-10-19-258,P00500
PR-2025-10-19-258,P01271
PR-2025-10-19-258,P00830
PR-2025-10-19-258,P01381
PR-2025-10-19-258,P01111
PR-2025-10-19-258,P00587
PR-2025-10-26-259,P00455
PR-2025-10-26-259,P01224
PR-2025-10-26-259,P00929
PR-2025-10-26-259,P00981
PR-2025-10-26-259,P00864
PR-2025-10-26-259,P01231
PR-2025-10-26-259,P00385
PR-2025-10-26-259,P00576
PR-2025-10-26-259,P00213
PR-2025-10-26-259,P00373
PR-2025-10-26-259,P00545
PR-2025-10-26-259,P01005
PR-2025-10-26-259,P00955
PR-2025-10-26-259,P01247
PR-2025-10-26-259,P01065
PR-2025-10-26-259,P01391
PR-2025-10-26-259,P00251
PR-2025-10-26-259,P01294
PR-2025-10-26-259,P00783
PR-2025-10-26-259,P00686
PR-2025-10-26-259,P01424
PR-2025-10-26-259,P00997
PR-2025-10-26-259,P00549
PR-2025-10-26-259,P00304
PR-2025-10-26-260,P00610
PR-2025-10-26-260,P00372
PR-2025-10-26-260,P00356
PR-2025-10-26-260,P00125
PR-2025-10-26-260,P00886
PR-2025-10-26-260,P00151
PR-2025-10-26-260,P01259
PR-2025-10-26-260,P00973
PR-2025-10-26-260,P01129
PR-2025-10-26-260,P00685
PR-2025-10-26-260,P01335
PR-2025-10-26-260,P01159
PR-2025-10-26-260,P00196
PR-2025-10-26-260,P00456
PR-2025-10-26-260,P00268
PR-2025-10-26-260,P01080
PR-2025-10-26-260,P00278
PR-2025-10-26-260,P01181
PR-2025-10-26-260,P01068
PR-2025-10-26-260,P01253
PR-2025-10-26-260,P01135
PR-2025-10-26-260,P00200
PR-2025-10-26-260,P00672
PR-2025-10-26-260,P00660
PR-2025-10-26-260,P00534
PR-2025-10-26-260,P01265
PR-2025-10-26-260,P01338
PR-2025-10-26-260,P00815
PR-2025-10-26-264,P00381
PR-2025-10-26-264,P01058
PR-2025-10-26-264,P01469
PR-2025-10-26-264,P00542
PR-2025-10-26-264,P01274
PR-2025-10-26-264,P00220
PR-2025-10-26-264,P00264
PR-2025-10-26-264,P00413
PR-2025-10-26-264,P01270
PR-2025-10-26-264,P00446
PR-2025-10-26-264,P00899
PR-2025-10-26-264,P00214
PR-2025-10-26-264,P00563
PR-2025-10-26-264,P00050
PR-2025-10-26-264,P01238
PR-2025-10-26-264,P00735
PR-2025-10-26-264,P01417
PR-2025-10-26-264,P01437
PR-2025-10-26-264,P00736
PR-2025-10-26-264,P01177
PR-2025-10-26-264,P01470
PR-2025-10-26-264,P00079
PR-2025-10-26-264,P00938
PR-2025-10-26-264,P00507
